"cigar",0.5578124999999999
"rebut",0.40625
"sissy",0.5046875
"humph",0.340625
"awake",0.646875
"blush",0.55625
"focal",0.5734375
"evade",0.5296875
"naval",0.6625000000000001
"serve",0.7578125
"heath",0.5874999999999999
"dwarf",0.5859375
"model",0.8015625
"karma",0.60625
"stink",0.540625
"grade",0.75
"quiet",0.7265625
"bench",0.6859375
"abate",0.41875
"feign",0.403125
"major",0.828125
"death",0.84375
"fresh",0.7546875
"crust",0.578125
"stool",0.55
"colon",0.5625
"abase",0.24375000000000002
"marry",0.6875
"react",0.65
"batty",0.4359375
"pride",0.7015625000000001
"floss",0.496875
"helix",0.5093749999999999
"croak",0.375
"staff",0.79375
"paper",0.7921875
"unfed",0.25468749999999996
"whelp",0.38906250000000003
"trawl",0.4140625
"outdo",0.42500000000000004
"adobe",0.5515625
"crazy",0.7921875
"sower",0.3390625
"repay",0.571875
"digit",0.5890625
"crate",0.5421875
"cluck",0.3625
"spike",0.61875
"mimic",0.5453125000000001
"pound",0.675
"maxim",0.5296875
"linen",0.5640625
"unmet",0.4265625
"flesh",0.65625
"booby",0.465625
"forth",0.6875
"first",0.9546875
"stand",0.803125
"belly",0.640625
"ivory",0.6015625
"seedy",0.4421875
"print",0.709375
"yearn",0.46406250000000004
"drain",0.6359375
"bribe",0.546875
"stout",0.5390625
"panel",0.7109375
"crass",0.4625
"flume",0.4390625
"offal",0.39218749999999997
"agree",0.7765624999999999
"error",0.7109375
"swirl",0.49375
"argue",0.696875
"bleed",0.58125
"delta",0.64375
"flick",0.5671875
"totem",0.4828125
"wooer",0.18437499999999998
"front",0.8250000000000001
"shrub",0.4984375
"parry",0.5375
"biome",0.4265625
"lapel",0.4328125
"start",0.8687499999999999
"greet",0.5828125
"goner",0.3828125
"golem",0.4359375
"lusty",0.4375
"loopy",0.4171875
"round",0.803125
"audit",0.63125
"lying",0.7296875
"gamma",0.578125
"labor",0.7453124999999999
"islet",0.43124999999999997
"civic",0.625
"forge",0.590625
"corny",0.5046875
"moult",0.3515625
"basic",0.7640625
"salad",0.6484375
"agate",0.4390625
"spicy",0.59375
"spray",0.653125
"essay",0.6609375000000001
"fjord",0.4390625
"spend",0.7765624999999999
"kebab",0.47343749999999996
"guild",0.6140625000000001
"aback",0.46718750000000003
"motor",0.7078125000000001
"alone",0.80625
"hatch",0.5968749999999999
"hyper",0.5765625
"thumb",0.6265624999999999
"dowry",0.48906249999999996
"ought",0.6796875
"belch",0.3546875
"dutch",0.6890625
"pilot",0.7062499999999999
"tweed",0.5078125
"comet",0.56875
"jaunt",0.40625
"enema",0.4453125
"steed",0.4609375
"abyss",0.53125
"growl",0.49062500000000003
"fling",0.5203125
"dozen",0.6796875
"boozy",0.39375
"erode",0.47343749999999996
"world",0.9203125
"gouge",0.4234375
"click",0.753125
"briar",0.44687499999999997
"great",0.91875
"altar",0.59375
"pulpy",0.3484375
"blurt",0.3875
"coast",0.7609375
"duchy",0.46875
"groin",0.5093749999999999
"fixer",0.475
"group",0.8703125
"rogue",0.6078125
"badly",0.6937500000000001
"smart",0.7546875
"pithy",0.40781249999999997
"gaudy",0.4421875
"chill",0.653125
"heron",0.4828125
"vodka",0.5984375
"finer",0.53125
"surer",0.340625
"radio",0.7828124999999999
"rouge",0.571875
"perch",0.5140625
"retch",0.31875
"wrote",0.7875
"clock",0.6921875
"tilde",0.3421875
"store",0.7843749999999999
"prove",0.7453124999999999
"bring",0.8234374999999999
"solve",0.690625
"cheat",0.6343749999999999
"grime",0.4828125
"exult",0.28125
"usher",0.5484374999999999
"epoch",0.4984375
"triad",0.5046875
"break",0.809375
"rhino",0.5578124999999999
"viral",0.6375
"conic",0.378125
"masse",0.4921875
"sonic",0.6140625000000001
"vital",0.684375
"trace",0.6546875000000001
"using",0.8546874999999999
"peach",0.5890625
"champ",0.609375
"baton",0.56875
"brake",0.6171875
"pluck",0.48906249999999996
"craze",0.5234375
"gripe",0.4390625
"weary",0.5640625
"picky",0.521875
"acute",0.625
"ferry",0.6281249999999999
"aside",0.7171875
"tapir",0.3578125
"troll",0.5828125
"unify",0.4796875
"rebus",0.39531249999999996
"boost",0.6890625
"truss",0.5140625
"siege",0.6140625000000001
"tiger",0.671875
"banal",0.44999999999999996
"slump",0.525
"crank",0.5640625
"gorge",0.53125
"query",0.56875
"drink",0.765625
"favor",0.715625
"abbey",0.60625
"tangy",0.41250000000000003
"panic",0.6656249999999999
"solar",0.7078125000000001
"shire",0.5421875
"proxy",0.5828125
"point",0.865625
"robot",0.6625000000000001
"prick",0.5625
"wince",0.40781249999999997
"crimp",0.40781249999999997
"knoll",0.453125
"sugar",0.73125
"whack",0.5359375000000001
"mount",0.6984374999999999
"perky",0.4609375
"could",0.9468749999999999
"wrung",0.36874999999999997
"light",0.8328125
"those",0.921875
"moist",0.5765625
"shard",0.46875
"pleat",0.3421875
"aloft",0.48125
"skill",0.690625
"elder",0.6343749999999999
"frame",0.715625
"humor",0.6546875000000001
"pause",0.625
"ulcer",0.47343749999999996
"ultra",0.6609375000000001
"robin",0.6765625
"cynic",0.4390625
"agora",0.42500000000000004
"aroma",0.5046875
"caulk",0.3578125
"shake",0.6765625
"pupal",0.3359375
"dodge",0.6140625000000001
"swill",0.3625
"tacit",0.459375
"other",0.9625
"thorn",0.54375
"trove",0.475
"bloke",0.5546875
"vivid",0.5859375
"spill",0.6
"chant",0.5625
"choke",0.58125
"rupee",0.475
"nasty",0.6593749999999999
"mourn",0.5359375000000001
"ahead",0.7828124999999999
"brine",0.4796875
"cloth",0.6296875000000001
"hoard",0.5046875
"sweet",0.7671875
"month",0.8203125
"lapse",0.5453125000000001
"watch",0.834375
"today",0.8671875
"focus",0.78125
"smelt",0.46718750000000003
"tease",0.5609375
"cater",0.5546875
"movie",0.80625
"lynch",0.615625
"saute",0.384375
"allow",0.7828124999999999
"renew",0.5828125
"their",0.9890625
"slosh",0.328125
"purge",0.5578124999999999
"chest",0.7062499999999999
"depot",0.6171875
"epoxy",0.484375
"nymph",0.44843750000000004
"found",0.8875
"shall",0.7859375000000001
"harry",0.7374999999999999
"stove",0.5796875
"lowly",0.5109375
"snout",0.48125
"trope",0.484375
"fewer",0.6734374999999999
"shawl",0.4953125
"natal",0.5328125
"fibre",0.5734375
"comma",0.5109375
"foray",0.475
"scare",0.6359375
"stair",0.5093749999999999
"black",0.853125
"squad",0.7296875
"royal",0.7578125
"chunk",0.56875
"mince",0.471875
"slave",0.6734374999999999
"shame",0.7109375
"cheek",0.61875
"ample",0.5796875
"flair",0.553125
"foyer",0.4828125
"cargo",0.6546875000000001
"oxide",0.571875
"plant",0.7640625
"olive",0.6390625
"inert",0.4828125
"askew",0.42500000000000004
"heist",0.5296875
"shown",0.765625
"zesty",0.3765625
"hasty",0.5140625
"trash",0.690625
"fella",0.5453125000000001
"larva",0.46718750000000003
"forgo",0.46718750000000003
"story",0.8515625
"hairy",0.59375
"train",0.775
"homer",0.6078125
"badge",0.6281249999999999
"midst",0.6078125
"canny",0.45156250000000003
"fetus",0.5625
"butch",0.5265625
"farce",0.5203125
"slung",0.4453125
"tipsy",0.44843750000000004
"metal",0.753125
"yield",0.65
"delve",0.49062500000000003
"being",0.9296875
"scour",0.46406250000000004
"glass",0.7578125
"gamer",0.565625
"scrap",0.609375
"money",0.88125
"hinge",0.5187499999999999
"album",0.7843749999999999
"vouch",0.48906249999999996
"asset",0.6609375000000001
"tiara",0.465625
"crept",0.4921875
"bayou",0.49062500000000003
"atoll",0.4453125
"manor",0.5953125
"creak",0.39375
"showy",0.4359375
"phase",0.725
"froth",0.4296875
"depth",0.7109375
"gloom",0.5171875
"flood",0.678125
"trait",0.5765625
"girth",0.45625
"piety",0.4828125
"payer",0.503125
"goose",0.6
"float",0.615625
"donor",0.6125
"atone",0.44687499999999997
"primo",0.46718750000000003
"apron",0.525
"blown",0.6578125
"cacao",0.44687499999999997
"loser",0.6265624999999999
"input",0.6796875
"gloat",0.40937500000000004
"awful",0.696875
"brink",0.5484374999999999
"smite",0.4578125
"beady",0.3875
"rusty",0.5640625
"retro",0.5828125
"droll",0.403125
"gawky",0.29843749999999997
"hutch",0.475
"pinto",0.48750000000000004
"gaily",0.34375
"egret",0.3625
"lilac",0.48593749999999997
"sever",0.4921875
"field",0.8187500000000001
"fluff",0.5
"hydro",0.5671875
"flack",0.4609375
"agape",0.4140625
"wench",0.4171875
"voice",0.7921875
"stead",0.4984375
"stalk",0.540625
"berth",0.5375
"madam",0.5609375
"night",0.8765625
"bland",0.546875
"liver",0.653125
"wedge",0.565625
"augur",0.3875
"roomy",0.4171875
"wacky",0.5140625
"flock",0.5765625
"angry",0.728125
"bobby",0.6593749999999999
"trite",0.4375
"aphid",0.37343750000000003
"tryst",0.4
"midge",0.43124999999999997
"power",0.8624999999999999
"elope",0.390625
"cinch",0.4140625
"motto",0.58125
"stomp",0.5078125
"upset",0.7203125
"bluff",0.559375
"cramp",0.475
"quart",0.47031249999999997
"coyly",0.325
"youth",0.7421875
"rhyme",0.55625
"buggy",0.5187499999999999
"alien",0.6703125
"smear",0.540625
"unfit",0.55
"patty",0.559375
"cling",0.5453125000000001
"glean",0.4265625
"label",0.6921875
"hunky",0.42500000000000004
"khaki",0.475
"poker",0.6203125
"gruel",0.38125
"twice",0.75625
"twang",0.4
"shrug",0.515625
"treat",0.7421875
"unlit",0.38125
"waste",0.7515624999999999
"merit",0.6375
"woven",0.55625
"octal",0.33281249999999996
"needy",0.559375
"clown",0.6140625000000001
"widow",0.6375
"irony",0.603125
"ruder",0.33281249999999996
"gauze",0.45156250000000003
"chief",0.7984375
"onset",0.58125
"prize",0.7171875
"fungi",0.54375
"charm",0.64375
"gully",0.48593749999999997
"inter",0.65
"whoop",0.5
"taunt",0.4625
"leery",0.403125
"class",0.8375
"theme",0.721875
"lofty",0.521875
"tibia",0.453125
"booze",0.5703125
"alpha",0.6640625
"thyme",0.4796875
"eclat",0.2609375
"doubt",0.765625
"parer",0.2421875
"chute",0.4984375
"stick",0.7437499999999999
"trice",0.375
"alike",0.6453125
"sooth",0.37031250000000004
"recap",0.5390625
"saint",0.6890625
"liege",0.4609375
"glory",0.68125
"grate",0.4953125
"admit",0.715625
"brisk",0.5
"soggy",0.49062500000000003
"usurp",0.421875
"scald",0.3390625
"scorn",0.48906249999999996
"leave",0.834375
"twine",0.4578125
"sting",0.59375
"bough",0.4265625
"marsh",0.6046875
"sloth",0.484375
"dandy",0.5078125
"vigor",0.47343749999999996
"howdy",0.48125
"enjoy",0.7953125
"valid",0.684375
"ionic",0.5015625
"equal",0.7265625
"unset",0.284375
"floor",0.7718750000000001
"catch",0.7609375
"spade",0.5203125
"stein",0.5703125
"exist",0.7390625000000001
"quirk",0.48906249999999996
"denim",0.55
"grove",0.615625
"spiel",0.415625
"mummy",0.5578124999999999
"fault",0.725
"foggy",0.4984375
"flout",0.3515625
"carry",0.7640625
"sneak",0.6234375000000001
"libel",0.521875
"waltz",0.528125
"aptly",0.48750000000000004
"piney",0.3875
"inept",0.48906249999999996
"aloud",0.5484374999999999
"photo",0.7765624999999999
"dream",0.7671875
"stale",0.5359375000000001
"vomit",0.5515625
"ombre",0.4046875
"fanny",0.5421875
"unite",0.609375
"snarl",0.40937500000000004
"baker",0.6609375000000001
"there",0.9859374999999999
"glyph",0.421875
"pooch",0.46406250000000004
"hippy",0.46875
"spell",0.6828125
"folly",0.521875
"louse",0.40625
"gulch",0.43437499999999996
"vault",0.609375
"godly",0.5093749999999999
"threw",0.696875
"fleet",0.6765625
"grave",0.6734374999999999
"inane",0.421875
"shock",0.696875
"crave",0.5421875
"spite",0.63125
"valve",0.6453125
"skimp",0.39375
"claim",0.7734375
"rainy",0.5843750000000001
"musty",0.4421875
"pique",0.4578125
"daddy",0.68125
"quasi",0.5453125000000001
"arise",0.6140625000000001
"aging",0.63125
"valet",0.4953125
"opium",0.540625
"avert",0.49062500000000003
"stuck",0.73125
"recut",0.33281249999999996
"mulch",0.453125
"genre",0.6515625
"plume",0.4984375
"rifle",0.653125
"count",0.7546875
"incur",0.515625
"total",0.8140625
"wrest",0.41093749999999996
"mocha",0.465625
"deter",0.54375
"study",0.8218749999999999
"lover",0.6656249999999999
"safer",0.6390625
"rivet",0.4203125
"funny",0.7843749999999999
"smoke",0.7296875
"mound",0.5625
"undue",0.5140625
"sedan",0.5546875
"pagan",0.55625
"swine",0.540625
"guile",0.4296875
"gusty",0.4046875
"equip",0.546875
"tough",0.7453124999999999
"canoe",0.546875
"chaos",0.6671874999999999
"covet",0.440625
"human",0.8359375
"udder",0.3578125
"lunch",0.728125
"blast",0.675
"stray",0.5843750000000001
"manga",0.6203125
"melee",0.503125
"lefty",0.5078125
"quick",0.7781250000000001
"paste",0.6109375
"given",0.8453125
"octet",0.35000000000000003
"risen",0.603125
"groan",0.48750000000000004
"leaky",0.478125
"grind",0.615625
"carve",0.5328125
"loose",0.696875
"sadly",0.653125
"spilt",0.4546875
"apple",0.7437499999999999
"slack",0.5796875
"honey",0.6828125
"final",0.8250000000000001
"sheen",0.521875
"eerie",0.5203125
"minty",0.4203125
"slick",0.5796875
"derby",0.640625
"wharf",0.54375
"spelt",0.496875
"coach",0.775
"erupt",0.46406250000000004
"singe",0.3796875
"price",0.8171875000000001
"spawn",0.528125
"fairy",0.6375
"jiffy",0.41250000000000003
"filmy",0.33281249999999996
"stack",0.6328125
"chose",0.7109375
"sleep",0.7890625
"ardor",0.365625
"nanny",0.5609375
"niece",0.5968749999999999
"woozy",0.375
"handy",0.6203125
"grace",0.7124999999999999
"ditto",0.528125
"stank",0.43124999999999997
"cream",0.721875
"usual",0.721875
"diode",0.478125
"valor",0.5046875
"angle",0.684375
"ninja",0.6046875
"muddy",0.5625
"chase",0.6937500000000001
"reply",0.703125
"prone",0.6140625000000001
"spoil",0.5953125
"heart",0.8296874999999999
"shade",0.65
"diner",0.54375
"arson",0.53125
"onion",0.6078125
"sleet",0.4421875
"dowel",0.37187499999999996
"couch",0.6515625
"palsy",0.5
"bowel",0.5546875
"smile",0.725
"evoke",0.5109375
"creek",0.6828125
"lance",0.615625
"eagle",0.6453125
"idiot",0.6859375
"siren",0.540625
"built",0.7921875
"embed",0.459375
"award",0.7625
"dross",0.37031250000000004
"annul",0.38906250000000003
"goody",0.475
"frown",0.5093749999999999
"patio",0.5375
"laden",0.5843750000000001
"humid",0.546875
"elite",0.6875
"lymph",0.5
"edify",0.30625
"might",0.884375
"reset",0.5984375
"visit",0.7875
"gusto",0.46875
"purse",0.6171875
"vapor",0.55625
"crock",0.47343749999999996
"write",0.7859375000000001
"sunny",0.6359375
"loath",0.4171875
"chaff",0.4296875
"slide",0.671875
"queer",0.5874999999999999
"venom",0.5578124999999999
"stamp",0.6421875
"sorry",0.809375
"still",0.925
"acorn",0.48125
"aping",0.3265625
"pushy",0.46875
"tamer",0.42812500000000003
"hater",0.49062500000000003
"mania",0.5375
"awoke",0.4921875
"brawn",0.43124999999999997
"swift",0.6484375
"exile",0.6
"birch",0.546875
"lucky",0.7453124999999999
"freer",0.46718750000000003
"risky",0.615625
"ghost",0.690625
"plier",0.25937499999999997
"lunar",0.5890625
"winch",0.475
"snare",0.5078125
"nurse",0.6875
"house",0.8921875
"borax",0.3875
"nicer",0.5703125
"lurch",0.4359375
"exalt",0.40625
"about",1
"savvy",0.55625
"toxin",0.515625
"tunic",0.48125
"pried",0.37343750000000003
"inlay",0.41875
"chump",0.4546875
"lanky",0.4265625
"cress",0.38906250000000003
"eater",0.534375
"elude",0.43437499999999996
"cycle",0.71875
"kitty",0.621875
"boule",0.33125000000000004
"moron",0.5859375
"tenet",0.46875
"place",0.8921875
"lobby",0.6296875000000001
"plush",0.5203125
"vigil",0.5062500000000001
"index",0.7140625
"blink",0.5828125
"clung",0.465625
"qualm",0.2953125
"croup",0.3484375
"clink",0.40937500000000004
"juicy",0.578125
"stage",0.796875
"decay",0.5984375
"nerve",0.6546875000000001
"flier",0.45625
"shaft",0.609375
"crook",0.5328125
"clean",0.7765624999999999
"china",0.796875
"ridge",0.64375
"vowel",0.5203125
"gnome",0.5
"snuck",0.5109375
"icing",0.5453125000000001
"spiny",0.41250000000000003
"rigor",0.4796875
"snail",0.5734375
"flown",0.5984375
"rabid",0.48906249999999996
"prose",0.58125
"thank",0.8562500000000001
"poppy",0.5609375
"budge",0.5046875
"fiber",0.6343749999999999
"moldy",0.4203125
"dowdy",0.3765625
"kneel",0.5062500000000001
"track",0.7843749999999999
"caddy",0.4625
"quell",0.46875
"dumpy",0.3625
"paler",0.44843750000000004
"swore",0.5515625
"rebar",0.4015625
"scuba",0.5171875
"splat",0.421875
"flyer",0.559375
"horny",0.5921875
"mason",0.646875
"doing",0.875
"ozone",0.534375
"amply",0.40781249999999997
"molar",0.46718750000000003
"ovary",0.459375
"beset",0.48125
"queue",0.590625
"cliff",0.640625
"magic",0.7437499999999999
"truce",0.55
"sport",0.7390625000000001
"fritz",0.534375
"edict",0.484375
"twirl",0.4203125
"verse",0.653125
"llama",0.4609375
"eaten",0.6453125
"range",0.8
"whisk",0.48593749999999997
"hovel",0.3609375
"rehab",0.5921875
"macaw",0.3640625
"sigma",0.5484374999999999
"spout",0.48593749999999997
"verve",0.4453125
"sushi",0.5750000000000001
"dying",0.7234375
"fetid",0.3578125
"brain",0.7718750000000001
"buddy",0.6875
"thump",0.46406250000000004
"scion",0.47343749999999996
"candy",0.6703125
"chord",0.5703125
"basin",0.6375
"march",0.8218749999999999
"crowd",0.734375
"arbor",0.5453125000000001
"gayly",0.1828125
"musky",0.3796875
"stain",0.578125
"dally",0.43437499999999996
"bless",0.6515625
"bravo",0.5890625
"stung",0.5125
"title",0.796875
"ruler",0.6
"kiosk",0.46875
"blond",0.5546875
"ennui",0.3765625
"layer",0.6875
"fluid",0.6593749999999999
"tatty",0.3421875
"score",0.7546875
"cutie",0.5187499999999999
"zebra",0.53125
"barge",0.546875
"matey",0.390625
"bluer",0.34687500000000004
"aider",0.303125
"shook",0.6328125
"river",0.7859375000000001
"privy",0.540625
"betel",0.39531249999999996
"frisk",0.45625
"bongo",0.44843750000000004
"begun",0.68125
"azure",0.5234375
"weave",0.5515625
"genie",0.5328125
"sound",0.8046875
"glove",0.5828125
"braid",0.5062500000000001
"scope",0.6656249999999999
"wryly",0.3765625
"rover",0.5874999999999999
"assay",0.5125
"ocean",0.734375
"bloom",0.6140625000000001
"irate",0.43437499999999996
"later",0.8578125000000001
"woken",0.5265625
"silky",0.5093749999999999
"wreck",0.61875
"dwelt",0.4140625
"slate",0.5968749999999999
"smack",0.56875
"solid",0.7390625000000001
"amaze",0.4984375
"hazel",0.553125
"wrist",0.6265624999999999
"jolly",0.5578124999999999
"globe",0.6687500000000001
"flint",0.5890625
"rouse",0.484375
"civil",0.7703125
"vista",0.5796875
"relax",0.6703125
"cover",0.79375
"alive",0.7437499999999999
"beech",0.5109375
"jetty",0.475
"bliss",0.590625
"vocal",0.65
"often",0.8453125
"dolly",0.553125
"eight",0.7843749999999999
"joker",0.5843750000000001
"since",0.8984375
"event",0.809375
"ensue",0.4546875
"shunt",0.440625
"diver",0.5328125
"poser",0.4171875
"worst",0.7703125
"sweep",0.6203125
"alley",0.6046875
"creed",0.578125
"anime",0.6656249999999999
"leafy",0.515625
"bosom",0.4765625
"dunce",0.390625
"stare",0.6109375
"pudgy",0.38593750000000004
"waive",0.5062500000000001
"choir",0.60625
"stood",0.7140625
"spoke",0.7203125
"outgo",0.209375
"delay",0.6875
"bilge",0.4171875
"ideal",0.6937500000000001
"clasp",0.484375
"seize",0.59375
"hotly",0.4578125
"laugh",0.728125
"sieve",0.46875
"block",0.7625
"meant",0.7718750000000001
"grape",0.578125
"noose",0.465625
"hardy",0.603125
"shied",0.39218749999999997
"drawl",0.3875
"daisy",0.590625
"putty",0.45156250000000003
"strut",0.49375
"burnt",0.6296875000000001
"tulip",0.496875
"crick",0.4375
"idyll",0.38125
"vixen",0.459375
"furor",0.39375
"geeky",0.459375
"cough",0.6171875
"naive",0.5859375
"shoal",0.4578125
"stork",0.44999999999999996
"bathe",0.503125
"aunty",0.49375
"check",0.8296874999999999
"prime",0.7515624999999999
"brass",0.6328125
"outer",0.6640625
"furry",0.55625
"razor",0.58125
"elect",0.6296875000000001
"evict",0.46406250000000004
"imply",0.5984375
"demur",0.278125
"quota",0.5515625
"haven",0.6453125
"cavil",0.31875
"swear",0.7046874999999999
"crump",0.4296875
"dough",0.603125
"gavel",0.415625
"wagon",0.609375
"salon",0.6046875
"nudge",0.503125
"harem",0.48906249999999996
"pitch",0.6921875
"sworn",0.609375
"pupil",0.5953125
"excel",0.5828125
"stony",0.515625
"cabin",0.6453125
"unzip",0.3984375
"queen",0.759375
"trout",0.590625
"polyp",0.37343750000000003
"earth",0.7906249999999999
"storm",0.728125
"until",0.8765625
"taper",0.515625
"enter",0.7515624999999999
"child",0.828125
"adopt",0.6546875000000001
"minor",0.721875
"fatty",0.59375
"husky",0.5140625
"brave",0.6765625
"filet",0.4375
"slime",0.528125
"glint",0.4140625
"tread",0.55
"steal",0.6890625
"regal",0.521875
"guest",0.715625
"every",0.9046875
"murky",0.48750000000000004
"share",0.8125
"spore",0.46875
"hoist",0.48750000000000004
"buxom",0.37187499999999996
"inner",0.703125
"otter",0.5265625
"dimly",0.4359375
"level",0.8453125
"sumac",0.365625
"donut",0.5171875
"stilt",0.37031250000000004
"arena",0.6765625
"sheet",0.6875
"scrub",0.5765625
"fancy",0.6796875
"slimy",0.48125
"pearl",0.646875
"silly",0.6859375
"porch",0.6015625
"dingo",0.4296875
"sepia",0.43437499999999996
"amble",0.359375
"shady",0.5796875
"bread",0.703125
"friar",0.475
"reign",0.6359375
"dairy",0.6390625
"quill",0.48593749999999997
"cross",0.78125
"brood",0.5078125
"tuber",0.41250000000000003
"shear",0.53125
"posit",0.43124999999999997
"blank",0.646875
"villa",0.65625
"shank",0.4796875
"piggy",0.515625
"freak",0.6375
"which",0.984375
"among",0.8296874999999999
"fecal",0.47031249999999997
"shell",0.6859375
"would",0.9796874999999999
"algae",0.553125
"large",0.8421875
"rabbi",0.5765625
"agony",0.5625
"amuse",0.48750000000000004
"bushy",0.465625
"copse",0.365625
"swoon",0.44999999999999996
"knife",0.6890625
"pouch",0.5359375000000001
"ascot",0.478125
"plane",0.7374999999999999
"crown",0.7124999999999999
"urban",0.7265625
"snide",0.4046875
"relay",0.603125
"abide",0.5609375
"viola",0.553125
"rajah",0.4140625
"straw",0.6234375000000001
"dilly",0.41250000000000003
"crash",0.7109375
"amass",0.4328125
"third",0.83125
"trick",0.7000000000000001
"tutor",0.5734375
"woody",0.5968749999999999
"blurb",0.4359375
"grief",0.6375
"disco",0.590625
"where",0.9375
"sassy",0.5015625
"beach",0.76875
"sauna",0.5078125
"comic",0.690625
"clued",0.375
"creep",0.6
"caste",0.5625
"graze",0.471875
"snuff",0.4921875
"frock",0.44999999999999996
"gonad",0.29374999999999996
"drunk",0.7203125
"prong",0.4375
"lurid",0.4265625
"steel",0.7359375
"halve",0.40625
"buyer",0.6296875000000001
"vinyl",0.625
"utile",0.25937499999999997
"smell",0.7015625000000001
"adage",0.4609375
"worry",0.75625
"tasty",0.6
"local",0.8484375
"trade",0.8
"finch",0.5546875
"ashen",0.3875
"modal",0.48906249999999996
"gaunt",0.453125
"clove",0.4546875
"enact",0.5359375000000001
"adorn",0.47031249999999997
"roast",0.6046875
"speck",0.471875
"sheik",0.484375
"missy",0.5093749999999999
"grunt",0.4921875
"snoop",0.53125
"party",0.8578125000000001
"touch",0.7671875
"mafia",0.5984375
"emcee",0.4265625
"array",0.640625
"south",0.84375
"vapid",0.390625
"jelly",0.5890625
"skulk",0.2953125
"angst",0.5093749999999999
"tubal",0.4
"lower",0.7984375
"crest",0.5703125
"sweat",0.646875
"cyber",0.621875
"adore",0.578125
"tardy",0.4203125
"swami",0.475
"notch",0.590625
"groom",0.5671875
"roach",0.5375
"hitch",0.534375
"young",0.8484375
"align",0.5671875
"ready",0.8250000000000001
"frond",0.3484375
"strap",0.5921875
"puree",0.44843750000000004
"realm",0.6343749999999999
"venue",0.6640625
"swarm",0.5375
"offer",0.7890625
"seven",0.79375
"dryer",0.553125
"diary",0.6390625
"dryly",0.3640625
"drank",0.6171875
"acrid",0.37031250000000004
"heady",0.4578125
"theta",0.49375
"junto",0.29374999999999996
"pixie",0.4921875
"quoth",0.325
"bonus",0.6953125
"shalt",0.521875
"penne",0.38593750000000004
"amend",0.5546875
"datum",0.39375
"build",0.7875
"piano",0.6734374999999999
"shelf",0.6281249999999999
"lodge",0.6375
"suing",0.546875
"rearm",0.33437500000000003
"coral",0.603125
"ramen",0.5234375
"worth",0.80625
"psalm",0.55625
"infer",0.49375
"overt",0.5171875
"mayor",0.721875
"ovoid",0.378125
"glide",0.5203125
"usage",0.6609375000000001
"poise",0.475
"randy",0.6125
"chuck",0.6515625
"prank",0.578125
"fishy",0.5125
"tooth",0.6375
"ether",0.53125
"drove",0.68125
"idler",0.359375
"swath",0.4421875
"stint",0.5640625
"while",0.915625
"begat",0.3765625
"apply",0.7515624999999999
"slang",0.5546875
"tarot",0.48750000000000004
"radar",0.65625
"credo",0.4328125
"aware",0.7468750000000001
"canon",0.6421875
"shift",0.7140625
"timer",0.5750000000000001
"bylaw",0.40625
"serum",0.5843750000000001
"three",0.9031250000000001
"steak",0.6203125
"iliac",0.36874999999999997
"shirk",0.415625
"blunt",0.609375
"puppy",0.625
"penal",0.540625
"joist",0.3515625
"bunny",0.60625
"shape",0.7374999999999999
"beget",0.37343750000000003
"wheel",0.703125
"adept",0.5203125
"stunt",0.603125
"stole",0.6578125
"topaz",0.44843750000000004
"chore",0.4921875
"fluke",0.49062500000000003
"afoot",0.45156250000000003
"bloat",0.40625
"bully",0.6046875
"dense",0.621875
"caper",0.44687499999999997
"sneer",0.421875
"boxer",0.5843750000000001
"jumbo",0.528125
"lunge",0.4453125
"space",0.8171875000000001
"avail",0.5609375
"short",0.8328125
"slurp",0.4
"loyal",0.65625
"flirt",0.55
"pizza",0.6921875
"conch",0.4359375
"tempo",0.5843750000000001
"droop",0.39218749999999997
"plate",0.7109375
"bible",0.709375
"plunk",0.32968749999999997
"afoul",0.41093749999999996
"savoy",0.4828125
"steep",0.6234375000000001
"agile",0.5328125
"stake",0.6484375
"dwell",0.5578124999999999
"knave",0.390625
"beard",0.6359375
"arose",0.5828125
"motif",0.53125
"smash",0.6390625
"broil",0.38125
"glare",0.525
"shove",0.571875
"baggy",0.49375
"mammy",0.40937500000000004
"swamp",0.6
"along",0.840625
"rugby",0.6875
"wager",0.5359375000000001
"quack",0.478125
"squat",0.54375
"snaky",0.26875
"debit",0.565625
"mange",0.390625
"skate",0.5843750000000001
"ninth",0.6359375
"joust",0.38593750000000004
"tramp",0.5015625
"spurn",0.36874999999999997
"medal",0.6859375
"micro",0.6375
"rebel",0.6375
"flank",0.56875
"learn",0.8078125
"nadir",0.44687499999999997
"maple",0.603125
"comfy",0.5671875
"remit",0.4828125
"gruff",0.4390625
"ester",0.478125
"least",0.8500000000000001
"mogul",0.4796875
"fetch",0.5703125
"cause",0.8359375
"oaken",0.303125
"aglow",0.3453125
"meaty",0.47031249999999997
"gaffe",0.415625
"shyly",0.378125
"racer",0.5390625
"prowl",0.4296875
"thief",0.60625
"stern",0.609375
"poesy",0.25937499999999997
"rocky",0.65
"tweet",0.6515625
"waist",0.61875
"spire",0.48593749999999997
"grope",0.41875
"havoc",0.546875
"patsy",0.48750000000000004
"truly",0.7609375
"forty",0.65625
"deity",0.5546875
"uncle",0.6953125
"swish",0.45156250000000003
"giver",0.5
"preen",0.3375
"bevel",0.40781249999999997
"lemur",0.4015625
"draft",0.7203125
"slope",0.609375
"annoy",0.540625
"lingo",0.47031249999999997
"bleak",0.5359375000000001
"ditty",0.403125
"curly",0.5625
"cedar",0.5874999999999999
"dirge",0.37187499999999996
"grown",0.7296875
"horde",0.5046875
"drool",0.475
"shuck",0.37031250000000004
"crypt",0.484375
"cumin",0.47031249999999997
"stock",0.7703125
"gravy",0.54375
"locus",0.496875
"wider",0.6625000000000001
"breed",0.6375
"quite",0.8265625
"chafe",0.375
"cache",0.5671875
"blimp",0.43437499999999996
"deign",0.35312499999999997
"fiend",0.484375
"logic",0.68125
"cheap",0.7359375
"elide",0.2734375
"rigid",0.5859375
"FALSE",0.7234375
"renal",0.5375
"pence",0.571875
"rowdy",0.5015625
"shoot",0.7390625000000001
"blaze",0.5765625
"envoy",0.54375
"posse",0.496875
"brief",0.7062499999999999
"never",0.9234375
"abort",0.5109375
"mouse",0.6734374999999999
"mucky",0.3578125
"sulky",0.3640625
"fiery",0.5578124999999999
"media",0.828125
"trunk",0.6296875000000001
"yeast",0.5734375
"clear",0.8203125
"skunk",0.484375
"scalp",0.54375
"bitty",0.4359375
"cider",0.546875
"koala",0.475
"duvet",0.46718750000000003
"segue",0.4
"creme",0.48750000000000004
"super",0.79375
"grill",0.6
"after",0.9546875
"owner",0.7546875
"ember",0.46406250000000004
"reach",0.7718750000000001
"nobly",0.37343750000000003
"empty",0.7171875
"speed",0.78125
"gipsy",0.4140625
"recur",0.4140625
"smock",0.4015625
"dread",0.56875
"merge",0.5859375
"burst",0.6484375
"kappa",0.540625
"amity",0.45156250000000003
"shaky",0.5390625
"hover",0.5093749999999999
"carol",0.6281249999999999
"snort",0.47031249999999997
"synod",0.5187499999999999
"faint",0.590625
"haunt",0.553125
"flour",0.625
"chair",0.7328125000000001
"detox",0.5140625
"shrew",0.4296875
"tense",0.6171875
"plied",0.4
"quark",0.4765625
"burly",0.440625
"novel",0.7234375
"waxen",0.2640625
"stoic",0.4921875
"jerky",0.484375
"blitz",0.5578124999999999
"beefy",0.42812500000000003
"lyric",0.5671875
"hussy",0.3390625
"towel",0.615625
"quilt",0.5078125
"below",0.7890625
"bingo",0.5796875
"wispy",0.378125
"brash",0.4609375
"scone",0.42812500000000003
"toast",0.61875
"easel",0.41875
"saucy",0.453125
"value",0.8046875
"spice",0.615625
"honor",0.7328125000000001
"route",0.7296875
"sharp",0.7000000000000001
"bawdy",0.4
"radii",0.3984375
"skull",0.6390625
"phony",0.5234375
"issue",0.8171875000000001
"lager",0.49375
"swell",0.56875
"urine",0.6
"gassy",0.37187499999999996
"trial",0.7609375
"flora",0.578125
"upper",0.7374999999999999
"latch",0.521875
"wight",0.5046875
"brick",0.6640625
"retry",0.4015625
"holly",0.60625
"decal",0.47031249999999997
"grass",0.684375
"shack",0.5359375000000001
"dogma",0.5109375
"mover",0.5015625
"defer",0.5
"sober",0.615625
"optic",0.5703125
"crier",0.378125
"vying",0.45625
"nomad",0.4796875
"flute",0.55
"hippo",0.48906249999999996
"shark",0.640625
"drier",0.4984375
"obese",0.5750000000000001
"bugle",0.45625
"tawny",0.4328125
"chalk",0.5765625
"feast",0.6171875
"ruddy",0.47031249999999997
"pedal",0.56875
"scarf",0.5750000000000001
"cruel",0.64375
"bleat",0.33125000000000004
"tidal",0.578125
"slush",0.46718750000000003
"semen",0.528125
"windy",0.5578124999999999
"dusty",0.5734375
"sally",0.6203125
"igloo",0.41250000000000003
"nerdy",0.4953125
"jewel",0.5750000000000001
"shone",0.5046875
"whale",0.621875
"hymen",0.4015625
"abuse",0.728125
"fugue",0.4265625
"elbow",0.6
"crumb",0.46406250000000004
"pansy",0.4328125
"welsh",0.6484375
"syrup",0.5874999999999999
"terse",0.4171875
"suave",0.453125
"gamut",0.44843750000000004
"swung",0.5421875
"drake",0.61875
"freed",0.6015625
"afire",0.384375
"shirt",0.7234375
"grout",0.4421875
"oddly",0.55625
"tithe",0.44999999999999996
"plaid",0.5203125
"dummy",0.56875
"broom",0.534375
"blind",0.7062499999999999
"torch",0.5843750000000001
"enemy",0.734375
"again",0.890625
"tying",0.5750000000000001
"pesky",0.484375
"alter",0.6328125
"gazer",0.30625
"noble",0.6625000000000001
"ethos",0.5187499999999999
"bride",0.6375
"extol",0.359375
"decor",0.5703125
"hobby",0.615625
"beast",0.6703125
"idiom",0.46406250000000004
"utter",0.6015625
"these",0.94375
"sixth",0.684375
"alarm",0.6687500000000001
"erase",0.571875
"elegy",0.4234375
"spunk",0.415625
"piper",0.5750000000000001
"scaly",0.4390625
"scold",0.4390625
"hefty",0.525
"chick",0.6375
"sooty",0.39218749999999997
"canal",0.6593749999999999
"whiny",0.45156250000000003
"slash",0.5703125
"quake",0.5390625
"joint",0.7359375
"swept",0.615625
"prude",0.403125
"heavy",0.775
"wield",0.5015625
"femme",0.4984375
"lasso",0.42812500000000003
"maize",0.521875
"shale",0.5765625
"screw",0.6640625
"spree",0.55625
"smoky",0.5203125
"whiff",0.503125
"scent",0.5968749999999999
"glade",0.43437499999999996
"spent",0.7843749999999999
"prism",0.5375
"stoke",0.5828125
"riper",0.3046875
"orbit",0.6296875000000001
"cocoa",0.56875
"guilt",0.6453125
"humus",0.37187499999999996
"shush",0.4296875
"table",0.7890625
"smirk",0.475
"wrong",0.8421875
"noisy",0.5734375
"alert",0.6765625
"shiny",0.60625
"elate",0.2078125
"resin",0.5640625
"whole",0.853125
"hunch",0.4796875
"pixel",0.58125
"polar",0.61875
"hotel",0.7734375
"sword",0.6828125
"cleat",0.37031250000000004
"mango",0.55625
"rumba",0.41093749999999996
"puffy",0.48906249999999996
"filly",0.4921875
"billy",0.6765625
"leash",0.5421875
"clout",0.5046875
"dance",0.7703125
"ovate",0.403125
"facet",0.496875
"chili",0.5828125
"paint",0.7062499999999999
"liner",0.5859375
"curio",0.3796875
"salty",0.5843750000000001
"audio",0.6984374999999999
"snake",0.6609375000000001
"fable",0.49375
"cloak",0.5578124999999999
"navel",0.4609375
"spurt",0.44375
"pesto",0.44999999999999996
"balmy",0.421875
"flash",0.6953125
"unwed",0.39375
"early",0.8484375
"churn",0.4796875
"weedy",0.37031250000000004
"stump",0.5390625
"lease",0.6515625
"witty",0.55625
"wimpy",0.43124999999999997
"spoof",0.484375
"saner",0.3515625
"blend",0.6171875
"salsa",0.5515625
"thick",0.696875
"warty",0.325
"manic",0.5187499999999999
"blare",0.37343750000000003
"squib",0.3578125
"spoon",0.60625
"probe",0.6234375000000001
"crepe",0.44843750000000004
"knack",0.5093749999999999
"force",0.8171875000000001
"debut",0.7062499999999999
"order",0.8578125000000001
"haste",0.5265625
"teeth",0.715625
"agent",0.7515624999999999
"widen",0.5078125
"icily",0.25625
"slice",0.625
"ingot",0.37187499999999996
"clash",0.6203125
"juror",0.48906249999999996
"blood",0.796875
"abode",0.48906249999999996
"throw",0.7546875
"unity",0.6593749999999999
"pivot",0.546875
"slept",0.653125
"troop",0.5765625
"spare",0.6687500000000001
"sewer",0.56875
"parse",0.465625
"morph",0.4796875
"cacti",0.4296875
"tacky",0.496875
"spool",0.44375
"demon",0.6343749999999999
"moody",0.578125
"annex",0.546875
"begin",0.75625
"fuzzy",0.5703125
"patch",0.65625
"water",0.8624999999999999
"lumpy",0.44375
"admin",0.6125
"omega",0.590625
"limit",0.734375
"tabby",0.4359375
"macho",0.5093749999999999
"aisle",0.58125
"skiff",0.41093749999999996
"basis",0.7515624999999999
"plank",0.540625
"verge",0.5734375
"botch",0.375
"crawl",0.5890625
"lousy",0.5171875
"slain",0.553125
"cubic",0.5796875
"raise",0.7421875
"wrack",0.3453125
"guide",0.7421875
"foist",0.33437500000000003
"cameo",0.54375
"under",0.8953125000000001
"actor",0.7265625
"revue",0.4796875
"fraud",0.6828125
"harpy",0.390625
"scoop",0.5765625
"climb",0.6593749999999999
"refer",0.6953125
"olden",0.44375
"clerk",0.625
"debar",0.30625
"tally",0.565625
"ethic",0.553125
"cairn",0.44843750000000004
"tulle",0.40937500000000004
"ghoul",0.45156250000000003
"hilly",0.4953125
"crude",0.625
"apart",0.7468750000000001
"scale",0.7546875
"older",0.76875
"plain",0.6921875
"sperm",0.6
"briny",0.34375
"abbot",0.5359375000000001
"rerun",0.453125
"quest",0.6671874999999999
"crisp",0.578125
"bound",0.696875
"befit",0.3234375
"drawn",0.7078125000000001
"suite",0.653125
"itchy",0.521875
"cheer",0.6343749999999999
"bagel",0.496875
"guess",0.8078125
"broad",0.7078125000000001
"axiom",0.471875
"chard",0.4234375
"caput",0.325
"leant",0.3796875
"harsh",0.646875
"curse",0.6359375
"proud",0.7468750000000001
"swing",0.678125
"opine",0.359375
"taste",0.7390625000000001
"lupus",0.5
"gumbo",0.421875
"miner",0.559375
"green",0.8015625
"chasm",0.4625
"lipid",0.5140625
"topic",0.7015625000000001
"armor",0.6203125
"brush",0.6609375000000001
"crane",0.6125
"mural",0.5453125000000001
"abled",0.3578125
"habit",0.6625000000000001
"bossy",0.46406250000000004
"maker",0.6609375000000001
"dusky",0.4421875
"dizzy",0.5359375000000001
"lithe",0.3875
"brook",0.5843750000000001
"jazzy",0.46875
"fifty",0.6703125
"sense",0.8109375000000001
"giant",0.721875
"surly",0.4453125
"legal",0.79375
"fatal",0.640625
"flunk",0.3390625
"began",0.7921875
"prune",0.4625
"small",0.8609374999999999
"slant",0.496875
"scoff",0.43437499999999996
"torus",0.4015625
"ninny",0.3015625
"covey",0.40781249999999997
"viper",0.5171875
"taken",0.8328125
"moral",0.696875
"vogue",0.5796875
"owing",0.5828125
"token",0.5968749999999999
"entry",0.7296875
"booth",0.640625
"voter",0.6421875
"chide",0.340625
"elfin",0.35312499999999997
"ebony",0.521875
"neigh",0.38906250000000003
"minim",0.3109375
"melon",0.5187499999999999
"kneed",0.38125
"decoy",0.475
"voila",0.4578125
"ankle",0.6203125
"arrow",0.6453125
"mushy",0.459375
"tribe",0.64375
"cease",0.6296875000000001
"eager",0.6296875000000001
"birth",0.7453124999999999
"graph",0.6328125
"odder",0.328125
"terra",0.5375
"weird",0.7515624999999999
"tried",0.80625
"clack",0.40781249999999997
"color",0.7671875
"rough",0.7015625000000001
"weigh",0.6234375000000001
"uncut",0.5078125
"ladle",0.415625
"strip",0.68125
"craft",0.671875
"minus",0.625
"dicey",0.4171875
"titan",0.5765625
"lucid",0.5109375
"vicar",0.5265625
"dress",0.7437499999999999
"ditch",0.609375
"gypsy",0.5546875
"pasta",0.6125
"taffy",0.4234375
"flame",0.6359375
"swoop",0.5
"aloof",0.46718750000000003
"sight",0.709375
"broke",0.7578125
"teary",0.44375
"chart",0.6984374999999999
"sixty",0.6140625000000001
"wordy",0.4
"sheer",0.6265624999999999
"leper",0.4359375
"nosey",0.3984375
"bulge",0.5062500000000001
"savor",0.465625
"clamp",0.5390625
"funky",0.5671875
"foamy",0.3765625
"toxic",0.6625000000000001
"brand",0.7546875
"plumb",0.45625
"dingy",0.440625
"butte",0.4828125
"drill",0.6390625
"tripe",0.4234375
"bicep",0.42500000000000004
"tenor",0.53125
"krill",0.41093749999999996
"worse",0.7640625
"drama",0.7296875
"hyena",0.4375
"think",0.95
"ratio",0.6828125
"cobra",0.5484374999999999
"basil",0.5703125
"scrum",0.5078125
"bused",0.32968749999999997
"phone",0.828125
"court",0.8453125
"camel",0.56875
"proof",0.734375
"heard",0.8234374999999999
"angel",0.6953125
"petal",0.475
"pouty",0.37187499999999996
"throb",0.41875
"maybe",0.8515625
"fetal",0.53125
"sprig",0.3796875
"spine",0.6140625000000001
"shout",0.6343749999999999
"cadet",0.5234375
"macro",0.5796875
"dodgy",0.5187499999999999
"satyr",0.38593750000000004
"rarer",0.4765625
"binge",0.5625
"trend",0.7046874999999999
"nutty",0.4984375
"leapt",0.4765625
"amiss",0.4578125
"split",0.7265625
"myrrh",0.4
"width",0.6281249999999999
"sonar",0.515625
"tower",0.703125
"baron",0.60625
"fever",0.6593749999999999
"waver",0.4296875
"spark",0.6234375000000001
"belie",0.3828125
"sloop",0.4375
"expel",0.5093749999999999
"smote",0.359375
"baler",0.35312499999999997
"above",0.8125
"north",0.834375
"wafer",0.48906249999999996
"scant",0.484375
"frill",0.3609375
"awash",0.43124999999999997
"snack",0.609375
"scowl",0.39218749999999997
"frail",0.5125
"drift",0.5968749999999999
"limbo",0.5171875
"fence",0.6578125
"motel",0.5640625
"ounce",0.59375
"wreak",0.459375
"revel",0.48593749999999997
"talon",0.46406250000000004
"prior",0.7578125
"knelt",0.4375
"cello",0.5140625
"flake",0.5015625
"debug",0.44687499999999997
"anode",0.44687499999999997
"crime",0.7640625
"salve",0.4390625
"scout",0.6203125
"imbue",0.378125
"pinky",0.5296875
"stave",0.475
"vague",0.6046875
"chock",0.44687499999999997
"fight",0.8171875000000001
"video",0.8484375
"stone",0.75
"teach",0.7296875
"cleft",0.459375
"frost",0.6171875
"prawn",0.44843750000000004
"booty",0.5609375
"twist",0.6593749999999999
"apnea",0.46875
"stiff",0.609375
"plaza",0.6109375
"ledge",0.5328125
"tweak",0.5109375
"board",0.8187500000000001
"grant",0.7296875
"medic",0.534375
"bacon",0.6484375
"cable",0.709375
"brawl",0.5515625
"slunk",0.3078125
"raspy",0.41250000000000003
"forum",0.684375
"drone",0.625
"women",0.8703125
"mucus",0.4921875
"boast",0.5484374999999999
"toddy",0.3984375
"coven",0.46875
"tumor",0.6203125
"truer",0.46406250000000004
"wrath",0.578125
"stall",0.5921875
"steam",0.7062499999999999
"axial",0.4921875
"purer",0.39531249999999996
"daily",0.7921875
"trail",0.6953125
"niche",0.6015625
"mealy",0.375
"juice",0.68125
"nylon",0.534375
"plump",0.4984375
"merry",0.5984375
"flail",0.3984375
"papal",0.53125
"wheat",0.6265624999999999
"berry",0.6203125
"cower",0.3984375
"erect",0.55
"brute",0.534375
"leggy",0.3875
"snipe",0.475
"sinew",0.3640625
"skier",0.5
"penny",0.6359375
"jumpy",0.4171875
"rally",0.678125
"umbra",0.37343750000000003
"scary",0.6828125
"modem",0.53125
"gross",0.6953125
"avian",0.49062500000000003
"greed",0.5828125
"satin",0.5296875
"tonic",0.5296875
"parka",0.43124999999999997
"sniff",0.5375
"livid",0.46718750000000003
"stark",0.6265624999999999
"trump",0.7703125
"giddy",0.503125
"reuse",0.5265625
"taboo",0.5421875
"avoid",0.7609375
"quote",0.7046874999999999
"devil",0.671875
"liken",0.4015625
"gloss",0.5421875
"gayer",0.37031250000000004
"beret",0.45625
"noise",0.7109375
"gland",0.528125
"dealt",0.65625
"sling",0.521875
"rumor",0.5828125
"opera",0.6671874999999999
"thigh",0.5828125
"tonga",0.484375
"flare",0.56875
"wound",0.6625000000000001
"white",0.8609374999999999
"bulky",0.515625
"etude",0.4015625
"horse",0.7437499999999999
"circa",0.5578124999999999
"paddy",0.565625
"inbox",0.5484374999999999
"fizzy",0.440625
"grain",0.653125
"exert",0.525
"surge",0.5968749999999999
"gleam",0.46406250000000004
"belle",0.5921875
"salvo",0.44687499999999997
"crush",0.6515625
"fruit",0.7140625
"sappy",0.41875
"taker",0.5046875
"tract",0.5796875
"ovine",0.2625
"spiky",0.4296875
"frank",0.7421875
"reedy",0.4
"filth",0.5328125
"spasm",0.4421875
"heave",0.453125
"mambo",0.43437499999999996
"right",0.93125
"clank",0.415625
"trust",0.8015625
"lumen",0.4828125
"borne",0.5734375
"spook",0.44999999999999996
"sauce",0.671875
"amber",0.6203125
"lathe",0.4546875
"carat",0.4921875
"corer",0.246875
"dirty",0.7109375
"slyly",0.384375
"affix",0.41093749999999996
"alloy",0.5640625
"taint",0.465625
"sheep",0.6546875000000001
"kinky",0.5265625
"wooly",0.38906250000000003
"mauve",0.4234375
"flung",0.5203125
"yacht",0.5968749999999999
"fried",0.6343749999999999
"quail",0.48906249999999996
"brunt",0.48750000000000004
"grimy",0.43124999999999997
"curvy",0.4921875
"cagey",0.37343750000000003
"rinse",0.54375
"deuce",0.459375
"state",0.9031250000000001
"grasp",0.6203125
"milky",0.546875
"bison",0.5093749999999999
"graft",0.5421875
"sandy",0.6546875000000001
"baste",0.37343750000000003
"flask",0.5
"hedge",0.5843750000000001
"girly",0.5046875
"swash",0.3453125
"boney",0.390625
"coupe",0.521875
"endow",0.3796875
"abhor",0.41250000000000003
"welch",0.5265625
"blade",0.6546875000000001
"tight",0.7140625
"geese",0.5234375
"miser",0.4
"mirth",0.40937500000000004
"cloud",0.696875
"cabal",0.475
"leech",0.4953125
"close",0.8375
"tenth",0.6125
"pecan",0.4578125
"droit",0.390625
"grail",0.540625
"clone",0.5750000000000001
"guise",0.5421875
"ralph",0.640625
"tango",0.559375
"biddy",0.37343750000000003
"smith",0.7640625
"mower",0.484375
"payee",0.3578125
"serif",0.41250000000000003
"drape",0.42812500000000003
"fifth",0.7468750000000001
"spank",0.48125
"glaze",0.5125
"allot",0.4359375
"truck",0.725
"kayak",0.5062500000000001
"virus",0.690625
"testy",0.396875
"tepee",0.31718749999999996
"fully",0.7640625
"zonal",0.42812500000000003
"metro",0.653125
"curry",0.61875
"grand",0.7671875
"banjo",0.5109375
"axion",0.3015625
"bezel",0.4375
"occur",0.6984374999999999
"chain",0.7265625
"nasal",0.5453125000000001
"gooey",0.44687499999999997
"filer",0.3828125
"brace",0.58125
"allay",0.4203125
"pubic",0.4796875
"raven",0.5921875
"plead",0.5671875
"gnash",0.31718749999999996
"flaky",0.44843750000000004
"munch",0.48125
"dully",0.29218750000000004
"eking",0.303125
"thing",0.8937499999999999
"slink",0.37187499999999996
"hurry",0.646875
"theft",0.6453125
"shorn",0.39531249999999996
"pygmy",0.42500000000000004
"ranch",0.6296875000000001
"wring",0.4296875
"lemon",0.640625
"shore",0.6765625
"mamma",0.5187499999999999
"froze",0.534375
"newer",0.615625
"style",0.7984375
"moose",0.5640625
"antic",0.3640625
"drown",0.5750000000000001
"vegan",0.6171875
"chess",0.615625
"guppy",0.38906250000000003
"union",0.79375
"lever",0.56875
"lorry",0.5015625
"image",0.7718750000000001
"cabby",0.3046875
"druid",0.46718750000000003
"exact",0.7046874999999999
"truth",0.7890625
"dopey",0.41875
"spear",0.578125
"cried",0.6546875000000001
"chime",0.49062500000000003
"crony",0.4265625
"stunk",0.37343750000000003
"timid",0.5078125
"batch",0.6109375
"gauge",0.6281249999999999
"rotor",0.534375
"crack",0.6890625
"curve",0.646875
"latte",0.515625
"witch",0.6421875
"bunch",0.7140625
"repel",0.5
"anvil",0.475
"soapy",0.4296875
"meter",0.6390625
"broth",0.5296875
"madly",0.4953125
"dried",0.63125
"scene",0.7765624999999999
"known",0.8421875
"magma",0.4984375
"roost",0.46875
"woman",0.8359375
"thong",0.49375
"punch",0.675
"pasty",0.44999999999999996
"downy",0.40625
"knead",0.4015625
"whirl",0.4625
"rapid",0.684375
"clang",0.41093749999999996
"anger",0.690625
"drive",0.8015625
"goofy",0.5578124999999999
"email",0.73125
"music",0.8624999999999999
"stuff",0.803125
"bleep",0.48125
"rider",0.6281249999999999
"mecca",0.528125
"folio",0.48593749999999997
"setup",0.6390625
"verso",0.42500000000000004
"quash",0.4296875
"fauna",0.55
"gummy",0.46406250000000004
"happy",0.8359375
"newly",0.690625
"fussy",0.475
"relic",0.5265625
"guava",0.40781249999999997
"ratty",0.38593750000000004
"fudge",0.5203125
"femur",0.46875
"chirp",0.4359375
"forte",0.5062500000000001
"alibi",0.484375
"whine",0.5125
"petty",0.6359375
"golly",0.4234375
"plait",0.378125
"fleck",0.4015625
"felon",0.4953125
"gourd",0.440625
"brown",0.7828124999999999
"thrum",0.3078125
"ficus",0.378125
"stash",0.553125
"decry",0.40625
"wiser",0.54375
"junta",0.521875
"visor",0.465625
"daunt",0.31875
"scree",0.3609375
"impel",0.36874999999999997
"await",0.5671875
"press",0.80625
"whose",0.7921875
"turbo",0.5843750000000001
"stoop",0.49062500000000003
"speak",0.7859375000000001
"mangy",0.328125
"eying",0.33437500000000003
"inlet",0.5390625
"crone",0.40625
"pulse",0.6343749999999999
"mossy",0.41250000000000003
"staid",0.403125
"hence",0.684375
"pinch",0.5874999999999999
"teddy",0.60625
"sully",0.48593749999999997
"snore",0.43124999999999997
"ripen",0.41250000000000003
"snowy",0.540625
"attic",0.5671875
"going",0.9281250000000001
"leach",0.5078125
"mouth",0.7546875
"hound",0.5359375000000001
"clump",0.459375
"tonal",0.4828125
"bigot",0.496875
"peril",0.53125
"piece",0.7875
"blame",0.7234375
"haute",0.5
"spied",0.48125
"undid",0.39531249999999996
"intro",0.5953125
"basal",0.53125
"shine",0.6515625
"gecko",0.4546875
"rodeo",0.5421875
"guard",0.7390625000000001
"steer",0.58125
"loamy",0.34687500000000004
"scamp",0.3625
"scram",0.3671875
"manly",0.571875
"hello",0.7374999999999999
"vaunt",0.21718749999999998
"organ",0.646875
"feral",0.5140625
"knock",0.6796875
"extra",0.7781250000000001
"condo",0.5671875
"adapt",0.621875
"willy",0.5640625
"polka",0.5
"rayon",0.46718750000000003
"skirt",0.61875
"faith",0.753125
"torso",0.5328125
"match",0.8015625
"mercy",0.6640625
"tepid",0.4234375
"sleek",0.521875
"riser",0.44999999999999996
"twixt",0.325
"peace",0.7843749999999999
"flush",0.59375
"catty",0.4
"login",0.5453125000000001
"eject",0.46718750000000003
"roger",0.6859375
"rival",0.653125
"untie",0.39218749999999997
"refit",0.4171875
"aorta",0.45625
"adult",0.75
"judge",0.7734375
"rower",0.48593749999999997
"artsy",0.45156250000000003
"rural",0.7171875
"shave",0.5984375
