"cigar",0.0014820717131474104
"rebut",0.00015856573705179283
"sissy",0.0006772908366533865
"humph",0.00006015936254980079
"awake",0.005498007968127491
"blush",0.001446215139442231
"focal",0.0018645418326693228
"evade",0.0009760956175298805
"naval",0.006932270916334662
"serve",0.02820717131474104
"heath",0.0022908366533864544
"dwarf",0.0022390438247011954
"model",0.053784860557768925
"karma",0.00302390438247012
"stink",0.0011474103585657372
"grade",0.025139442231075698
"quiet",0.017808764940239044
"bench",0.009760956175298804
"abate",0.00019083665338645418
"feign",0.00015139442231075698
"major",0.07968127490039842
"death",0.09999999999999999
"fresh",0.026932270916334662
"crust",0.00199601593625498
"stool",0.0013187250996015937
"colon",0.0015856573705179283
"abase",0.000014462151394422311
"marry",0.01
"react",0.005776892430278885
"batty",0.00024581673306772907
"pride",0.012310756972111554
"floss",0.000601593625498008
"helix",0.0007250996015936255
"croak",0.0001
"staff",0.04780876494023905
"paper",0.04661354581673307
"unfed",0.00001701195219123506
"whelp",0.00012310756972111554
"trawl",0.00017808764940239046
"outdo",0.0002091633466135458
"adobe",0.0013505976095617531
"crazy",0.04661354581673307
"sower",0.00005896414342629482
"repay",0.0018207171314741039
"digit",0.0023466135458167334
"crate",0.0011752988047808767
"cluck",0.00008326693227091633
"spike",0.003633466135458168
"mimic",0.0012310756972111554
"pound",0.008326693227091633
"maxim",0.0009760956175298805
"linen",0.0016215139442231077
"unmet",0.00021394422310756973
"flesh",0.0062948207171314744
"booby",0.0003804780876494024
"forth",0.01
"first",0.5139442231075697
"stand",0.0549800796812749
"belly",0.0050199203187251
"ivory",0.0028207171314741037
"seedy",0.0002693227091633466
"print",0.013824701195219126
"yearn",0.0003717131474103586
"drain",0.004661354581673307
"bribe",0.0012589641434262947
"stout",0.0011235059760956176
"panel",0.014143426294820719
"crass",0.00036334661354581676
"flume",0.0002573705179282869
"offal",0.00012908366533864542
"agree",0.03717131474103586
"error",0.014143426294820719
"swirl",0.0005776892430278885
"argue",0.011474103585657371
"bleed",0.0020916334661354582
"delta",0.005258964143426296
"flick",0.001701195219123506
"totem",0.0004900398406374502
"wooer",0.00000601593625498008
"front",0.07609561752988049
"shrub",0.0006175298804780877
"parry",0.0010956175298804782
"biome",0.00021394422310756973
"lapel",0.00023466135458167332
"start",0.1446215139442231
"greet",0.0021394422310756973
"goner",0.00011235059760956176
"golem",0.00024581673306772907
"lusty",0.00025139442231075695
"loopy",0.00018645418326693227
"round",0.0549800796812749
"audit",0.004382470119521913
"lying",0.01864541832669323
"gamma",0.00199601593625498
"labor",0.023466135458167333
"islet",0.00022908366533864544
"civic",0.003984063745019921
"forge",0.002402390438247012
"corny",0.0006772908366533865
"moult",0.00007091633466135459
"basic",0.030916334661354582
"salad",0.0056175298804780885
"agate",0.0002573705179282869
"spicy",0.00251394422310757
"spray",0.00601593625498008
"essay",0.006772908366533865
"fjord",0.0002573705179282869
"spend",0.03717131474103586
"kebab",0.0004262948207171315
"guild",0.003390438247011952
"aback",0.0003892430278884462
"motor",0.013505976095617529
"alone",0.05776892430278885
"hatch",0.0026334661354581674
"hyper",0.001952191235059761
"thumb",0.004063745019920319
"dowry",0.0005378486055776893
"ought",0.008924302788844622
"belch",0.00007410358565737052
"dutch",0.010239043824701196
"pilot",0.013187250996015936
"tweed",0.0007091633466135458
"comet",0.0017410358565737051
"jaunt",0.00015856573705179283
"enema",0.0002820717131474104
"steed",0.00035498007968127494
"abyss",0.001
"growl",0.000549800796812749
"fling",0.000852589641434263
"dozen",0.008924302788844622
"boozy",0.00013187250996015936
"erode",0.0004262948207171315
"world",0.30916334661354583
"gouge",0.00020438247011952192
"click",0.026334661354581672
"briar",0.0002884462151394422
"great",0.30239043824701195
"altar",0.00251394422310757
"pulpy",0.00006772908366533864
"blurt",0.00012031872509960159
"coast",0.02952191235059761
"duchy",0.00039840637450199205
"groin",0.0007250996015936255
"fixer",0.00043824701195219125
"group",0.14820717131474104
"rogue",0.0030916334661354582
"badly",0.010956175298804782
"smart",0.026932270916334662
"pithy",0.00016215139442231076
"gaudy",0.0002693227091633466
"chill",0.00601593625498008
"heron",0.0004900398406374502
"vodka",0.0026932270916334663
"finer",0.001
"surer",0.00006015936254980079
"radio",0.04063745019920319
"rouge",0.0018207171314741039
"perch",0.0007768924302788845
"retch",0.00004382470119521913
"wrote",0.043824701195219126
"clock",0.010717131474103586
"tilde",0.00006175298804780877
"store",0.04183266932270917
"prove",0.023466135458167333
"bring",0.07410358565737052
"solve",0.01047808764940239
"cheat",0.004581673306772909
"grime",0.0004900398406374502
"exult",0.0000251394422310757
"usher",0.0012908366533864542
"epoch",0.0006175298804780877
"triad",0.0006772908366533865
"break",0.0601593625498008
"rhino",0.0014820717131474104
"viral",0.004780876494023905
"conic",0.00010478087649402391
"masse",0.0005617529880478088
"sonic",0.003390438247011952
"vital",0.00956175298804781
"trace",0.006175298804780877
"using",0.11752988047808766
"peach",0.0023466135458167334
"champ",0.003163346613545817
"baton",0.0017410358565737051
"brake",0.0035498007968127487
"pluck",0.0005378486055776893
"craze",0.0008924302788844622
"gripe",0.0002573705179282869
"weary",0.0016215139442231077
"picky",0.0008725099601593627
"acute",0.003984063745019921
"ferry",0.0041832669322709164
"aside",0.015498007968127489
"tapir",0.00007768924302788846
"troll",0.0021394422310756973
"unify",0.0004661354581673307
"rebus",0.0001350597609561753
"boost",0.010239043824701196
"truss",0.0007768924302788845
"siege",0.003390438247011952
"tiger",0.007968127490039842
"banal",0.00030239043824701196
"slump",0.0009123505976095618
"crank",0.0016215139442231077
"gorge",0.001
"query",0.0017410358565737051
"drink",0.03163346613545817
"favor",0.015139442231075698
"abbey",0.00302390438247012
"tangy",0.00017410358565737052
"panic",0.007250996015936255
"solar",0.013505976095617529
"shire",0.0011752988047808767
"proxy",0.0021394422310756973
"point",0.13824701195219122
"robot",0.006932270916334662
"prick",0.0015856573705179283
"wince",0.00016215139442231076
"crimp",0.00016215139442231076
"knoll",0.0003163346613545817
"sugar",0.019083665338645417
"whack",0.0010717131474103586
"mount",0.011752988047808765
"perky",0.00035498007968127494
"could",0.4581673306772909
"wrung",0.00009123505976095618
"light",0.08525896414342629
"those",0.31633466135458166
"moist",0.001952191235059761
"shard",0.00039840637450199205
"pleat",0.00006175298804780877
"aloft",0.00047808764940239046
"skill",0.01047808764940239
"elder",0.004581673306772909
"frame",0.015139442231075698
"humor",0.006175298804780877
"pause",0.003984063745019921
"ulcer",0.0004262948207171315
"ultra",0.006772908366533865
"robin",0.00852589641434263
"cynic",0.0002573705179282869
"agora",0.0002091633466135458
"aroma",0.0006772908366533865
"caulk",0.00007768924302788846
"shake",0.00852589641434263
"pupal",0.00005617529880478088
"dodge",0.003390438247011952
"swill",0.00008326693227091633
"tacit",0.0003470119521912351
"other",0.5776892430278884
"thorn",0.001203187250996016
"trove",0.00043824701195219125
"bloke",0.0014143426294820718
"vivid",0.0022390438247011954
"spill",0.0027569721115537848
"chant",0.0015856573705179283
"choke",0.0020916334661354582
"rupee",0.00043824701195219125
"nasty",0.0066135458167330685
"mourn",0.0010717131474103586
"ahead",0.04063745019920319
"brine",0.0004661354581673307
"cloth",0.004262948207171315
"hoard",0.0006772908366533865
"sweet",0.03239043824701195
"month",0.07091633466135458
"lapse",0.0012310756972111554
"watch",0.08725099601593626
"today",0.14143426294820718
"focus",0.03984063745019921
"smelt",0.0003892430278884462
"tease",0.001549800796812749
"cater",0.0014143426294820718
"movie",0.05776892430278885
"lynch",0.0034701195219123504
"saute",0.00011474103585657371
"allow",0.04063745019920319
"renew",0.0021394422310756973
"their",0.852589641434263
"slosh",0.00005019920318725099
"purge",0.0014820717131474104
"chest",0.013187250996015936
"depot",0.0035498007968127487
"epoxy",0.00050199203187251
"nymph",0.0002952191235059761
"found",0.1908366533864542
"shall",0.042629482071713146
"harry",0.020916334661354584
"stove",0.002043824701195219
"lowly",0.0007410358565737052
"snout",0.00047808764940239046
"trope",0.00050199203187251
"fewer",0.008127490039840639
"shawl",0.0005896414342629482
"natal",0.0010239043824701196
"fibre",0.0018645418326693228
"comma",0.0007410358565737052
"foray",0.00043824701195219125
"scare",0.004661354581673307
"stair",0.0007250996015936255
"black",0.1147410358565737
"squad",0.01864541832669323
"royal",0.02820717131474104
"chunk",0.0017410358565737051
"mince",0.0004183266932270916
"slave",0.008127490039840639
"shame",0.014143426294820719
"cheek",0.003633466135458168
"ample",0.002043824701195219
"flair",0.0013824701195219123
"foyer",0.0004900398406374502
"cargo",0.006175298804780877
"oxide",0.0018207171314741039
"plant",0.030916334661354582
"olive",0.004900398406374503
"inert",0.0004900398406374502
"askew",0.0002091633466135458
"heist",0.0009760956175298805
"shown",0.03163346613545817
"zesty",0.00010239043824701195
"hasty",0.0007768924302788845
"trash",0.01047808764940239
"fella",0.0012310756972111554
"larva",0.0003892430278884462
"forgo",0.0003892430278884462
"story",0.11235059760956177
"hairy",0.00251394422310757
"train",0.036334661354581674
"homer",0.0030916334661354582
"badge",0.0041832669322709164
"midst",0.0030916334661354582
"canny",0.0003091633466135458
"fetus",0.0015856573705179283
"butch",0.0009322709163346614
"farce",0.000852589641434263
"slung",0.0002820717131474104
"tipsy",0.0002952191235059761
"metal",0.026334661354581672
"yield",0.005776892430278885
"delve",0.000549800796812749
"being",0.35498007968127493
"scour",0.0003717131474103586
"glass",0.02820717131474104
"gamer",0.0016613545816733068
"scrap",0.003163346613545817
"money",0.17410358565737052
"hinge",0.0008326693227091633
"album",0.04183266932270917
"vouch",0.0005378486055776893
"asset",0.006772908366533865
"tiara",0.0003804780876494024
"crept",0.0005617529880478088
"bayou",0.000549800796812749
"atoll",0.0002820717131474104
"manor",0.0025737051792828684
"creak",0.00013187250996015936
"showy",0.00024581673306772907
"phase",0.01741035856573705
"froth",0.00022390438247011952
"depth",0.014143426294820719
"gloom",0.0008127490039840637
"flood",0.008725099601593626
"trait",0.001952191235059761
"girth",0.0003314741035856574
"piety",0.0004900398406374502
"payer",0.0006613545816733068
"goose",0.0027569721115537848
"float",0.0034701195219123504
"donor",0.0033147410358565737
"atone",0.0002884462151394422
"primo",0.0003892430278884462
"apron",0.0009123505976095618
"blown",0.006454183266932271
"cacao",0.0002884462151394422
"loser",0.004063745019920319
"input",0.008924302788844622
"gloat",0.0001661354581673307
"awful",0.011474103585657371
"brink",0.0012908366533864542
"smite",0.0003390438247011952
"beady",0.00012031872509960159
"rusty",0.0016215139442231077
"retro",0.0021394422310756973
"droll",0.00015139442231075698
"gawky",0.00003239043824701195
"hutch",0.00043824701195219125
"pinto",0.0005258964143426295
"gaily",0.00006294820717131475
"egret",0.00008326693227091633
"lilac",0.0005139442231075698
"sever",0.0005617529880478088
"field",0.06932270916334661
"fluff",0.0006294820717131474
"hydro",0.001701195219123506
"flack",0.00035498007968127494
"agape",0.00017808764940239046
"wench",0.00018645418326693227
"voice",0.04661354581673307
"stead",0.0006175298804780877
"stalk",0.0011474103585657372
"berth",0.0010956175298804782
"madam",0.001549800796812749
"night",0.16215139442231077
"bland",0.0012589641434262947
"liver",0.00601593625498008
"wedge",0.0016613545816733068
"augur",0.00012031872509960159
"roomy",0.00018645418326693227
"wacky",0.0007768924302788845
"flock",0.001952191235059761
"angry",0.018207171314741036
"bobby",0.0066135458167330685
"trite",0.00025139442231075695
"aphid",0.00009760956175298805
"tryst",0.0001446215139442231
"midge",0.00022908366533864544
"power",0.13187250996015937
"elope",0.0001258964143426295
"cinch",0.00017808764940239046
"motto",0.0020916334661354582
"stomp",0.0007091633466135458
"upset",0.016215139442231075
"bluff",0.0015139442231075699
"cramp",0.00043824701195219125
"quart",0.00040637450199203186
"coyly",0.00004780876494023904
"youth",0.02239043824701195
"rhyme",0.001446215139442231
"buggy",0.0008326693227091633
"alien",0.007768924302788845
"smear",0.0011474103585657372
"unfit",0.0013187250996015937
"patty",0.0015139442231075699
"cling",0.0012310756972111554
"glean",0.00021394422310756973
"label",0.010717131474103586
"hunky",0.0002091633466135458
"khaki",0.00043824701195219125
"poker",0.003717131474103586
"gruel",0.00010956175298804781
"twice",0.027569721115537852
"twang",0.0001446215139442231
"shrug",0.0007968127490039841
"treat",0.02239043824701195
"unlit",0.00010956175298804781
"waste",0.025737051792828685
"merit",0.004780876494023905
"woven",0.001446215139442231
"octal",0.00005378486055776893
"needy",0.0015139442231075699
"clown",0.003390438247011952
"widow",0.004780876494023905
"irony",0.0028844621513944226
"ruder",0.00005378486055776893
"gauze",0.0003091633466135458
"chief",0.05139442231075697
"onset",0.0020916334661354582
"prize",0.015498007968127489
"fungi",0.001203187250996016
"charm",0.005258964143426296
"gully",0.0005139442231075698
"inter",0.005776892430278885
"whoop",0.0006294820717131474
"taunt",0.00036334661354581676
"leery",0.00015139442231075698
"class",0.09123505976095618
"theme",0.016613545816733067
"lofty",0.0008725099601593627
"tibia",0.0003163346613545817
"booze",0.0017808764940239047
"alpha",0.007091633466135458
"thyme",0.0004661354581673307
"eclat",0.000018645418326693227
"doubt",0.03163346613545817
"parer",0.000014143426294820717
"chute",0.0006175298804780877
"stick",0.022908366533864542
"trice",0.0001
"alike",0.005378486055776893
"sooth",0.00009322709163346614
"recap",0.0011235059760956176
"saint",0.010239043824701196
"liege",0.00035498007968127494
"glory",0.009123505976095618
"grate",0.0005896414342629482
"admit",0.015139442231075698
"brisk",0.0006294820717131474
"soggy",0.000549800796812749
"usurp",0.00019960159362549803
"scald",0.00005896414342629482
"scorn",0.0005378486055776893
"leave",0.08725099601593626
"twine",0.0003390438247011952
"sting",0.00251394422310757
"bough",0.00021394422310756973
"marsh",0.002952191235059761
"sloth",0.00050199203187251
"dandy",0.0007091633466135458
"vigor",0.0004262948207171315
"howdy",0.00047808764940239046
"enjoy",0.049003984063745024
"valid",0.00956175298804781
"ionic",0.0006454183266932271
"equal",0.017808764940239044
"unset",0.000026334661354581677
"floor",0.03470119521912351
"catch",0.02952191235059761
"spade",0.000852589641434263
"stein",0.0017808764940239047
"exist",0.021394422310756972
"quirk",0.0005378486055776893
"denim",0.0013187250996015937
"grove",0.0034701195219123504
"spiel",0.00018207171314741036
"mummy",0.0014820717131474104
"fault",0.01741035856573705
"foggy",0.0006175298804780877
"flout",0.00007091633466135459
"carry",0.030916334661354582
"sneak",0.003892430278884462
"libel",0.0008725099601593627
"waltz",0.0009561752988047809
"aptly",0.0005258964143426295
"piney",0.00012031872509960159
"inept",0.0005378486055776893
"aloud",0.0012908366533864542
"photo",0.03717131474103586
"dream",0.03239043824701195
"stale",0.0010717131474103586
"vomit",0.0013505976095617531
"ombre",0.0001549800796812749
"fanny",0.0011752988047808767
"unite",0.003163346613545817
"snarl",0.0001661354581673307
"baker",0.006772908366533865
"there",0.8127490039840638
"glyph",0.00019960159362549803
"pooch",0.0003717131474103586
"hippy",0.00039840637450199205
"spell",0.009322709163346614
"folly",0.0008725099601593627
"louse",0.00015856573705179283
"gulch",0.0002402390438247012
"vault",0.003163346613545817
"godly",0.0007250996015936255
"threw",0.011474103585657371
"fleet",0.00852589641434263
"grave",0.008127490039840639
"inane",0.00019960159362549803
"shock",0.011474103585657371
"crave",0.0011752988047808767
"spite",0.004382470119521913
"valve",0.005378486055776893
"skimp",0.00013187250996015936
"claim",0.03549800796812749
"rainy",0.0021912350597609563
"musty",0.0002693227091633466
"pique",0.0003390438247011952
"daddy",0.009123505976095618
"quasi",0.0012310756972111554
"arise",0.003390438247011952
"aging",0.004382470119521913
"valet",0.0005896414342629482
"opium",0.0011474103585657372
"avert",0.000549800796812749
"stuck",0.019083665338645417
"recut",0.00005378486055776893
"mulch",0.0003163346613545817
"genre",0.005896414342629483
"plume",0.0006175298804780877
"rifle",0.00601593625498008
"count",0.026932270916334662
"incur",0.0007968127490039841
"total",0.06454183266932272
"wrest",0.0001701195219123506
"mocha",0.0003804780876494024
"deter",0.001203187250996016
"study",0.07250996015936255
"lover",0.007250996015936255
"safer",0.004900398406374503
"rivet",0.0001952191235059761
"funny",0.04183266932270917
"smoke",0.01864541832669323
"mound",0.0015856573705179283
"undue",0.0007768924302788845
"sedan",0.0014143426294820718
"pagan",0.001446215139442231
"swine",0.0011474103585657372
"guile",0.00022390438247011952
"gusty",0.0001549800796812749
"equip",0.0012589641434262947
"tough",0.023466135458167333
"canoe",0.0012589641434262947
"chaos",0.007410358565737052
"covet",0.00026334661354581677
"human",0.08924302788844622
"udder",0.00007768924302788846
"lunch",0.018207171314741036
"blast",0.008326693227091633
"stray",0.0021912350597609563
"manga",0.003717131474103586
"melee",0.0006613545816733068
"lefty",0.0007091633466135458
"quick",0.038047808764940245
"paste",0.0032390438247011954
"given",0.10239043824701197
"octet",0.00006932270916334662
"risen",0.0028844621513944226
"groan",0.0005258964143426295
"leaky",0.0004581673306772909
"grind",0.0034701195219123504
"carve",0.0010239043824701196
"loose",0.011474103585657371
"sadly",0.00601593625498008
"spilt",0.0003239043824701195
"apple",0.022908366533864542
"slack",0.002043824701195219
"honey",0.009322709163346614
"final",0.07609561752988049
"sheen",0.0008725099601593627
"eerie",0.000852589641434263
"minty",0.0001952191235059761
"slick",0.002043824701195219
"derby",0.0050199203187251
"wharf",0.001203187250996016
"spelt",0.000601593625498008
"coach",0.036334661354581674
"erupt",0.0003717131474103586
"singe",0.00010717131474103585
"price",0.06772908366533865
"spawn",0.0009561752988047809
"fairy",0.004780876494023905
"jiffy",0.00017410358565737052
"filmy",0.00005378486055776893
"stack",0.004462151394422311
"chose",0.014143426294820719
"sleep",0.04462151394422311
"ardor",0.00008725099601593625
"nanny",0.001549800796812749
"niece",0.0026334661354581674
"woozy",0.0001
"handy",0.003717131474103586
"grace",0.014462151394422312
"ditto",0.0009561752988047809
"stank",0.00022908366533864544
"cream",0.016613545816733067
"usual",0.016613545816733067
"diode",0.0004581673306772909
"valor",0.0006772908366533865
"angle",0.00956175298804781
"ninja",0.002952191235059761
"muddy",0.0015856573705179283
"chase",0.010956175298804782
"reply",0.012589641434262949
"prone",0.003390438247011952
"spoil",0.0025737051792828684
"heart",0.08127490039840637
"shade",0.005776892430278885
"diner",0.001203187250996016
"arson",0.001
"onion",0.0030916334661354582
"sleet",0.0002693227091633466
"dowel",0.00009561752988047808
"couch",0.005896414342629483
"palsy",0.0006294820717131474
"bowel",0.0014143426294820718
"smile",0.01741035856573705
"evoke",0.0007410358565737052
"creek",0.009322709163346614
"lance",0.0034701195219123504
"eagle",0.005378486055776893
"idiot",0.009760956175298804
"siren",0.0011474103585657372
"built",0.04661354581673307
"embed",0.0003470119521912351
"award",0.030239043824701196
"dross",0.00009322709163346614
"annul",0.00012310756972111554
"goody",0.00043824701195219125
"frown",0.0007250996015936255
"patio",0.0010956175298804782
"laden",0.0021912350597609563
"humid",0.0012589641434262947
"elite",0.01
"lymph",0.0006294820717131474
"edify",0.000036334661354581676
"might",0.18207171314741036
"reset",0.0026932270916334663
"visit",0.043824701195219126
"gusto",0.00039840637450199205
"purse",0.0035498007968127487
"vapor",0.001446215139442231
"crock",0.0004262948207171315
"write",0.042629482071713146
"sunny",0.004661354581673307
"loath",0.00018645418326693227
"chaff",0.00022390438247011952
"slide",0.007968127490039842
"queer",0.0022908366533864544
"venom",0.0014820717131474104
"stamp",0.005139442231075698
"sorry",0.0601593625498008
"still",0.3314741035856574
"acorn",0.00047808764940239046
"aping",0.000049003984063745026
"pushy",0.00039840637450199205
"tamer",0.00021912350597609563
"hater",0.000549800796812749
"mania",0.0010956175298804782
"awoke",0.0005617529880478088
"brawn",0.00022908366533864544
"swift",0.0056175298804780885
"exile",0.0027569721115537848
"birch",0.0012589641434262947
"lucky",0.023466135458167333
"freer",0.0003892430278884462
"risky",0.0034701195219123504
"ghost",0.01047808764940239
"plier",0.000018207171314741036
"lunar",0.0023466135458167334
"winch",0.00043824701195219125
"snare",0.0007091633466135458
"nurse",0.01
"house",0.20438247011952193
"borax",0.00012031872509960159
"nicer",0.0017808764940239047
"lurch",0.00024581673306772907
"exalt",0.00015856573705179283
"about",1
"savvy",0.001446215139442231
"toxin",0.0007968127490039841
"tunic",0.00047808764940239046
"pried",0.00009760956175298805
"inlay",0.00019083665338645418
"chump",0.0003239043824701195
"lanky",0.00021394422310756973
"cress",0.00012310756972111554
"eater",0.001047808764940239
"elude",0.0002402390438247012
"cycle",0.015856573705179282
"kitty",0.003804780876494024
"boule",0.000052589641434262944
"moron",0.0022390438247011954
"tenet",0.00039840637450199205
"place",0.20438247011952193
"lobby",0.004262948207171315
"plush",0.000852589641434263
"vigil",0.0006932270916334662
"index",0.014820717131474105
"blink",0.0021394422310756973
"clung",0.0003804780876494024
"qualm",0.00003091633466135458
"croup",0.00006772908366533864
"clink",0.0001661354581673307
"juicy",0.00199601593625498
"stage",0.050199203187251
"decay",0.0026932270916334663
"nerve",0.006175298804780877
"flier",0.0003314741035856574
"shaft",0.003163346613545817
"crook",0.0010239043824701196
"clean",0.03717131474103586
"china",0.050199203187251
"ridge",0.005258964143426296
"vowel",0.000852589641434263
"gnome",0.0006294820717131474
"snuck",0.0007410358565737052
"icing",0.0012310756972111554
"spiny",0.00017410358565737052
"rigor",0.0004661354581673307
"snail",0.0018645418326693228
"flown",0.0026932270916334663
"rabid",0.0005378486055776893
"prose",0.0020916334661354582
"thank",0.1203187250996016
"poppy",0.001549800796812749
"budge",0.0006772908366533865
"fiber",0.004581673306772909
"moldy",0.0001952191235059761
"dowdy",0.00010239043824701195
"kneel",0.0006932270916334662
"track",0.04183266932270917
"caddy",0.00036334661354581676
"quell",0.00039840637450199205
"dumpy",0.00008326693227091633
"paler",0.0002952191235059761
"swore",0.0013505976095617531
"rebar",0.00014820717131474104
"scuba",0.0008127490039840637
"splat",0.00019960159362549803
"flyer",0.0015139442231075699
"horny",0.002458167330677291
"mason",0.005498007968127491
"doing",0.15856573705179283
"ozone",0.001047808764940239
"amply",0.00016215139442231076
"molar",0.0003892430278884462
"ovary",0.0003470119521912351
"beset",0.00047808764940239046
"queue",0.002402390438247012
"cliff",0.0050199203187251
"magic",0.022908366533864542
"truce",0.0013187250996015937
"sport",0.021394422310756972
"fritz",0.001047808764940239
"edict",0.00050199203187251
"twirl",0.0001952191235059761
"verse",0.00601593625498008
"llama",0.00035498007968127494
"eaten",0.005378486055776893
"range",0.05258964143426295
"whisk",0.0005139442231075698
"hovel",0.00008127490039840638
"rehab",0.002458167330677291
"macaw",0.0000852589641434263
"sigma",0.0012908366533864542
"spout",0.0005139442231075698
"verve",0.0002820717131474104
"sushi",0.0019083665338645419
"dying",0.01701195219123506
"fetid",0.00007768924302788846
"brain",0.03470119521912351
"buddy",0.01
"thump",0.0003717131474103586
"scion",0.0004262948207171315
"candy",0.007768924302788845
"chord",0.0017808764940239047
"basin",0.004780876494023905
"march",0.07250996015936255
"crowd",0.0199601593625498
"arbor",0.0012310756972111554
"gayly",0.000005896414342629482
"musky",0.00010717131474103585
"stain",0.00199601593625498
"dally",0.0002402390438247012
"bless",0.005896414342629483
"bravo",0.0023466135458167334
"stung",0.0007609561752988048
"title",0.050199203187251
"ruler",0.0027569721115537848
"kiosk",0.00039840637450199205
"blond",0.0014143426294820718
"ennui",0.00010239043824701195
"layer",0.01
"fluid",0.0066135458167330685
"tatty",0.00006175298804780877
"score",0.026932270916334662
"cutie",0.0008326693227091633
"zebra",0.001
"barge",0.0012589641434262947
"matey",0.0001258964143426295
"bluer",0.00006613545816733068
"aider",0.00003470119521912351
"shook",0.004462151394422311
"river",0.042629482071713146
"privy",0.0011474103585657372
"betel",0.0001350597609561753
"frisk",0.0003314741035856574
"bongo",0.0002952191235059761
"begun",0.009123505976095618
"azure",0.0008924302788844622
"weave",0.0013505976095617531
"genie",0.0010239043824701196
"sound",0.056175298804780886
"glove",0.0021394422310756973
"braid",0.0006932270916334662
"scope",0.007250996015936255
"wryly",0.00010239043824701195
"rover",0.0022908366533864544
"assay",0.0007609561752988048
"ocean",0.0199601593625498
"bloom",0.003390438247011952
"irate",0.0002402390438247012
"later",0.12310756972111553
"woken",0.0009322709163346614
"silky",0.0007250996015936255
"wreck",0.003633466135458168
"dwelt",0.00017808764940239046
"slate",0.0026334661354581674
"smack",0.0017410358565737051
"solid",0.021394422310756972
"amaze",0.0006175298804780877
"hazel",0.0013824701195219123
"wrist",0.004063745019920319
"jolly",0.0014820717131474104
"globe",0.007609561752988048
"flint",0.0023466135458167334
"rouse",0.00050199203187251
"civil",0.03390438247011952
"vista",0.002043824701195219
"relax",0.007768924302788845
"cover",0.04780876494023905
"alive",0.022908366533864542
"beech",0.0007410358565737052
"jetty",0.00043824701195219125
"bliss",0.002402390438247012
"vocal",0.005776892430278885
"often",0.10239043824701197
"dolly",0.0013824701195219123
"eight",0.04183266932270917
"joker",0.0021912350597609563
"since",0.22390438247011954
"event",0.0601593625498008
"ensue",0.0003239043824701195
"shunt",0.00026334661354581677
"diver",0.0010239043824701196
"poser",0.00018645418326693227
"worst",0.03390438247011952
"sweep",0.003717131474103586
"alley",0.002952191235059761
"creed",0.00199601593625498
"anime",0.007250996015936255
"leafy",0.0007968127490039841
"bosom",0.0004462151394422311
"dunce",0.0001258964143426295
"stare",0.0032390438247011954
"pudgy",0.00011752988047808765
"waive",0.0006932270916334662
"choir",0.00302390438247012
"stood",0.014820717131474105
"spoke",0.016215139442231075
"outgo",0.000008725099601593626
"delay",0.01
"bilge",0.00018645418326693227
"ideal",0.010956175298804782
"clasp",0.00050199203187251
"seize",0.00251394422310757
"hotly",0.0003390438247011952
"laugh",0.018207171314741036
"sieve",0.00039840637450199205
"block",0.030239043824701196
"meant",0.03470119521912351
"grape",0.00199601593625498
"noose",0.0003804780876494024
"hardy",0.0028844621513944226
"shied",0.00012908366533864542
"drawl",0.00012031872509960159
"daisy",0.002402390438247012
"putty",0.0003091633466135458
"strut",0.0005776892430278885
"burnt",0.004262948207171315
"tulip",0.000601593625498008
"crick",0.00025139442231075695
"idyll",0.00010956175298804781
"vixen",0.0003470119521912351
"furor",0.00013187250996015936
"geeky",0.0003470119521912351
"cough",0.0035498007968127487
"naive",0.0022390438247011954
"shoal",0.0003390438247011952
"stork",0.00030239043824701196
"bathe",0.0006613545816733068
"aunty",0.0005776892430278885
"check",0.08127490039840637
"prime",0.025737051792828685
"brass",0.004462151394422311
"outer",0.007091633466135458
"furry",0.001446215139442231
"razor",0.0020916334661354582
"elect",0.004262948207171315
"evict",0.0003717131474103586
"imply",0.0026932270916334663
"demur",0.00002402390438247012
"quota",0.0013505976095617531
"haven",0.005378486055776893
"cavil",0.00004382470119521913
"swear",0.012908366533864542
"crump",0.00022390438247011952
"dough",0.0028844621513944226
"gavel",0.00018207171314741036
"wagon",0.003163346613545817
"salon",0.002952191235059761
"nudge",0.0006613545816733068
"harem",0.0005378486055776893
"pitch",0.010717131474103586
"sworn",0.003163346613545817
"pupil",0.0025737051792828684
"excel",0.0021394422310756973
"stony",0.0007968127490039841
"cabin",0.005378486055776893
"unzip",0.00014143426294820717
"queen",0.028844621513944225
"trout",0.002402390438247012
"polyp",0.00009760956175298805
"earth",0.045816733067729085
"storm",0.018207171314741036
"until",0.16215139442231077
"taper",0.0007968127490039841
"enter",0.025737051792828685
"child",0.07968127490039842
"adopt",0.006175298804780877
"minor",0.016613545816733067
"fatty",0.00251394422310757
"husky",0.0007768924302788845
"brave",0.00852589641434263
"filet",0.00025139442231075695
"slime",0.0009561752988047809
"glint",0.00017808764940239046
"tread",0.0013187250996015937
"steal",0.010239043824701196
"regal",0.0008725099601593627
"guest",0.015139442231075698
"every",0.2458167330677291
"murky",0.0005258964143426295
"share",0.06294820717131475
"spore",0.00039840637450199205
"hoist",0.0005258964143426295
"buxom",0.00009561752988047808
"inner",0.012589641434262949
"otter",0.0009322709163346614
"dimly",0.00024581673306772907
"level",0.10239043824701197
"sumac",0.00008725099601593625
"donut",0.0008127490039840637
"stilt",0.00009322709163346614
"arena",0.00852589641434263
"sheet",0.01
"scrub",0.001952191235059761
"fancy",0.008924302788844622
"slimy",0.00047808764940239046
"pearl",0.005498007968127491
"silly",0.009760956175298804
"porch",0.0028207171314741037
"dingo",0.00022390438247011952
"sepia",0.0002402390438247012
"amble",0.00007968127490039841
"shady",0.002043824701195219
"bread",0.012589641434262949
"friar",0.00043824701195219125
"reign",0.004661354581673307
"dairy",0.004900398406374503
"quill",0.0005139442231075698
"cross",0.03984063745019921
"brood",0.0007091633466135458
"tuber",0.00017410358565737052
"shear",0.001
"posit",0.00022908366533864544
"blank",0.005498007968127491
"villa",0.0062948207171314744
"shank",0.0004661354581673307
"piggy",0.0007968127490039841
"freak",0.004780876494023905
"which",0.7968127490039841
"among",0.08127490039840637
"fecal",0.00040637450199203186
"shell",0.009760956175298804
"would",0.7410358565737053
"algae",0.0013824701195219123
"large",0.09760956175298804
"rabbi",0.001952191235059761
"agony",0.0015856573705179283
"amuse",0.0005258964143426295
"bushy",0.0003804780876494024
"copse",0.00008725099601593625
"swoon",0.00030239043824701196
"knife",0.010239043824701196
"pouch",0.0010717131474103586
"ascot",0.0004581673306772909
"plane",0.020916334661354584
"crown",0.014462151394422312
"urban",0.017808764940239044
"snide",0.0001549800796812749
"relay",0.0028844621513944226
"abide",0.001549800796812749
"viola",0.0013824701195219123
"rajah",0.00017808764940239046
"straw",0.003892430278884462
"dilly",0.00017410358565737052
"crash",0.014143426294820719
"amass",0.00023466135458167332
"third",0.08326693227091635
"trick",0.01203187250996016
"tutor",0.0018645418326693228
"woody",0.0026334661354581674
"blurb",0.00024581673306772907
"grief",0.004780876494023905
"disco",0.002402390438247012
"where",0.39840637450199207
"sassy",0.0006454183266932271
"beach",0.03314741035856574
"sauna",0.0007091633466135458
"comic",0.01047808764940239
"clued",0.0001
"creep",0.0027569721115537848
"caste",0.0015856573705179283
"graze",0.0004183266932270916
"snuff",0.0005617529880478088
"frock",0.00030239043824701196
"gonad",0.000030239043824701195
"drunk",0.016215139442231075
"prong",0.00025139442231075695
"lurid",0.00021394422310756973
"steel",0.020438247011952192
"halve",0.00015856573705179283
"buyer",0.004262948207171315
"vinyl",0.003984063745019921
"utile",0.000018207171314741036
"smell",0.012310756972111554
"adage",0.00035498007968127494
"worry",0.027569721115537852
"tasty",0.0027569721115537848
"local",0.10717131474103585
"trade",0.05258964143426295
"finch",0.0014143426294820718
"ashen",0.00012031872509960159
"modal",0.0005378486055776893
"gaunt",0.0003163346613545817
"clove",0.0003239043824701195
"enact",0.0010717131474103586
"adorn",0.00040637450199203186
"roast",0.002952191235059761
"speck",0.0004183266932270916
"sheik",0.00050199203187251
"missy",0.0007250996015936255
"grunt",0.0005617529880478088
"snoop",0.001
"party",0.12310756972111553
"touch",0.03239043824701195
"mafia",0.0026932270916334663
"emcee",0.00021394422310756973
"array",0.0050199203187251
"south",0.09999999999999999
"vapid",0.0001258964143426295
"jelly",0.0023466135458167334
"skulk",0.00003091633466135458
"angst",0.0007250996015936255
"tubal",0.0001446215139442231
"lower",0.05139442231075697
"crest",0.0017808764940239047
"sweat",0.005498007968127491
"cyber",0.003804780876494024
"adore",0.00199601593625498
"tardy",0.0001952191235059761
"swami",0.00043824701195219125
"notch",0.002402390438247012
"groom",0.001701195219123506
"roach",0.0010956175298804782
"hitch",0.001047808764940239
"young",0.10717131474103585
"align",0.001701195219123506
"ready",0.07609561752988049
"frond",0.00006772908366533864
"strap",0.002458167330677291
"puree",0.0002952191235059761
"realm",0.004581673306772909
"venue",0.007091633466135458
"swarm",0.0010956175298804782
"offer",0.04462151394422311
"seven",0.04780876494023905
"dryer",0.0013824701195219123
"diary",0.004900398406374503
"dryly",0.0000852589641434263
"drank",0.0035498007968127487
"acrid",0.00009322709163346614
"heady",0.0003390438247011952
"theta",0.0005776892430278885
"junto",0.000030239043824701195
"pixie",0.0005617529880478088
"quoth",0.00004780876494023904
"bonus",0.011235059760956177
"shalt",0.0008725099601593627
"penne",0.00011752988047808765
"amend",0.0014143426294820718
"datum",0.00013187250996015936
"build",0.043824701195219126
"piano",0.008127490039840639
"shelf",0.0041832669322709164
"lodge",0.004780876494023905
"suing",0.0012589641434262947
"rearm",0.000054980079681274896
"coral",0.0028844621513944226
"ramen",0.0008924302788844622
"worth",0.05776892430278885
"psalm",0.001446215139442231
"infer",0.0005776892430278885
"overt",0.0008127490039840637
"mayor",0.016613545816733067
"ovoid",0.00010478087649402391
"glide",0.000852589641434263
"usage",0.006772908366533865
"poise",0.00043824701195219125
"randy",0.0033147410358565737
"chuck",0.005896414342629483
"prank",0.00199601593625498
"fishy",0.0007609561752988048
"tooth",0.004780876494023905
"ether",0.001
"drove",0.009123505976095618
"idler",0.00007968127490039841
"swath",0.0002693227091633466
"stint",0.0016215139442231077
"while",0.28844621513944224
"begat",0.00010239043824701195
"apply",0.025737051792828685
"slang",0.0014143426294820718
"tarot",0.0005258964143426295
"radar",0.0062948207171314744
"credo",0.00023466135458167332
"aware",0.02402390438247012
"canon",0.005139442231075698
"shift",0.014820717131474105
"timer",0.0019083665338645419
"bylaw",0.00015856573705179283
"serum",0.0021912350597609563
"three",0.2402390438247012
"steak",0.003717131474103586
"iliac",0.00009123505976095618
"shirk",0.00018207171314741036
"blunt",0.003163346613545817
"puppy",0.003984063745019921
"penal",0.0011474103585657372
"joist",0.00007091633466135459
"bunny",0.00302390438247012
"shape",0.020916334661354584
"beget",0.00009760956175298805
"wheel",0.012589641434262949
"adept",0.000852589641434263
"stunt",0.0028844621513944226
"stole",0.006454183266932271
"topaz",0.0002952191235059761
"chore",0.0005617529880478088
"fluke",0.000549800796812749
"afoot",0.0003091633466135458
"bloat",0.00015856573705179283
"bully",0.002952191235059761
"dense",0.003804780876494024
"caper",0.0002884462151394422
"sneer",0.00019960159362549803
"boxer",0.0021912350597609563
"jumbo",0.0009561752988047809
"lunge",0.0002820717131474104
"space",0.06772908366533865
"avail",0.001549800796812749
"short",0.08525896414342629
"slurp",0.0001446215139442231
"loyal",0.0062948207171314744
"flirt",0.0013187250996015937
"pizza",0.010717131474103586
"conch",0.00024581673306772907
"tempo",0.0021912350597609563
"droop",0.00012908366533864542
"plate",0.014143426294820719
"bible",0.013824701195219126
"plunk",0.00005139442231075698
"afoul",0.0001701195219123506
"savoy",0.0004900398406374502
"steep",0.003892430278884462
"agile",0.0010239043824701196
"stake",0.0056175298804780885
"dwell",0.0014820717131474104
"knave",0.0001258964143426295
"beard",0.004661354581673307
"arose",0.0021394422310756973
"motif",0.001
"smash",0.004900398406374503
"broil",0.00010956175298804781
"glare",0.0009123505976095618
"shove",0.0018207171314741039
"baggy",0.0005776892430278885
"mammy",0.0001661354581673307
"swamp",0.0027569721115537848
"along",0.0956175298804781
"rugby",0.01
"wager",0.0010717131474103586
"quack",0.0004581673306772909
"squat",0.001203187250996016
"snaky",0.000020916334661354582
"debit",0.0016613545816733068
"mange",0.0001258964143426295
"skate",0.0021912350597609563
"ninth",0.004661354581673307
"joust",0.00011752988047808765
"tramp",0.0006454183266932271
"spurn",0.00009123505976095618
"medal",0.009760956175298804
"micro",0.004780876494023905
"rebel",0.004780876494023905
"flank",0.0017410358565737051
"learn",0.05896414342629482
"nadir",0.0002884462151394422
"maple",0.0028844621513944226
"comfy",0.001701195219123506
"remit",0.0004900398406374502
"gruff",0.0002573705179282869
"ester",0.0004581673306772909
"least",0.10956175298804782
"mogul",0.0004661354581673307
"fetch",0.0017808764940239047
"cause",0.08924302788844622
"oaken",0.00003470119521912351
"aglow",0.00006454183266932271
"meaty",0.00040637450199203186
"gaffe",0.00018207171314741036
"shyly",0.00010478087649402391
"racer",0.0011235059760956176
"prowl",0.00022390438247011952
"thief",0.00302390438247012
"stern",0.003163346613545817
"poesy",0.000018207171314741036
"rocky",0.005776892430278885
"tweet",0.005896414342629483
"waist",0.003633466135458168
"spire",0.0005139442231075698
"grope",0.00019083665338645418
"havoc",0.0012589641434262947
"patsy",0.0005258964143426295
"truly",0.02952191235059761
"forty",0.0062948207171314744
"deity",0.0014143426294820718
"uncle",0.011235059760956177
"swish",0.0003091633466135458
"giver",0.0006294820717131474
"preen",0.00005776892430278884
"bevel",0.00016215139442231076
"lemur",0.00014820717131474104
"draft",0.016215139442231075
"slope",0.003163346613545817
"annoy",0.0011474103585657372
"lingo",0.00040637450199203186
"bleak",0.0010717131474103586
"ditty",0.00015139442231075698
"curly",0.0015856573705179283
"cedar",0.0022908366533864544
"dirge",0.00009561752988047808
"grown",0.01864541832669323
"horde",0.0006772908366533865
"drool",0.00043824701195219125
"shuck",0.00009322709163346614
"crypt",0.00050199203187251
"cumin",0.00040637450199203186
"stock",0.03390438247011952
"gravy",0.001203187250996016
"locus",0.000601593625498008
"wider",0.006932270916334662
"breed",0.004780876494023905
"quite",0.07768924302788845
"chafe",0.0001
"cache",0.001701195219123506
"blimp",0.0002402390438247012
"deign",0.00007250996015936255
"fiend",0.00050199203187251
"logic",0.009123505976095618
"cheap",0.020438247011952192
"elide",0.000022390438247011954
"rigid",0.0022390438247011954
"false",0.01701195219123506
"renal",0.0010956175298804782
"pence",0.0018207171314741039
"rowdy",0.0006454183266932271
"shoot",0.021394422310756972
"blaze",0.001952191235059761
"envoy",0.001203187250996016
"posse",0.000601593625498008
"brief",0.013187250996015936
"never",0.32390438247011955
"abort",0.0007410358565737052
"mouse",0.008127490039840639
"mucky",0.00007768924302788846
"sulky",0.0000852589641434263
"fiery",0.0014820717131474104
"media",0.07968127490039842
"trunk",0.004262948207171315
"yeast",0.0018645418326693228
"clear",0.07091633466135458
"skunk",0.00050199203187251
"scalp",0.001203187250996016
"bitty",0.00024581673306772907
"cider",0.0012589641434262947
"koala",0.00043824701195219125
"duvet",0.0003892430278884462
"segue",0.0001446215139442231
"creme",0.0005258964143426295
"super",0.04780876494023905
"grill",0.0027569721115537848
"after",0.5139442231075697
"owner",0.026932270916334662
"ember",0.0003717131474103586
"reach",0.03470119521912351
"nobly",0.00009760956175298805
"empty",0.015498007968127489
"speed",0.03984063745019921
"gipsy",0.00017808764940239046
"recur",0.00017808764940239046
"smock",0.00014820717131474104
"dread",0.0017410358565737051
"merge",0.0022390438247011954
"burst",0.0056175298804780885
"kappa",0.0011474103585657372
"amity",0.0003091633466135458
"shaky",0.0011235059760956176
"hover",0.0007250996015936255
"carol",0.0041832669322709164
"snort",0.00040637450199203186
"synod",0.0008326693227091633
"faint",0.002402390438247012
"haunt",0.0013824701195219123
"flour",0.003984063745019921
"chair",0.01952191235059761
"detox",0.0007768924302788845
"shrew",0.00022390438247011952
"tense",0.0035498007968127487
"plied",0.0001446215139442231
"quark",0.0004462151394422311
"burly",0.00026334661354581677
"novel",0.01701195219123506
"waxen",0.000019521912350597613
"stoic",0.0005617529880478088
"jerky",0.00050199203187251
"blitz",0.0014820717131474104
"beefy",0.00021912350597609563
"lyric",0.001701195219123506
"hussy",0.00005896414342629482
"towel",0.0034701195219123504
"quilt",0.0007091633466135458
"below",0.04462151394422311
"bingo",0.002043824701195219
"wispy",0.00010478087649402391
"brash",0.00035498007968127494
"scone",0.00021912350597609563
"toast",0.003633466135458168
"easel",0.00019083665338645418
"saucy",0.0003163346613545817
"value",0.056175298804780886
"spice",0.0034701195219123504
"honor",0.01952191235059761
"route",0.01864541832669323
"sharp",0.01203187250996016
"bawdy",0.0001446215139442231
"radii",0.00014143426294820717
"skull",0.004900398406374503
"phony",0.0008924302788844622
"issue",0.06772908366533865
"lager",0.0005776892430278885
"swell",0.0017410358565737051
"urine",0.0027569721115537848
"gassy",0.00009561752988047808
"trial",0.02952191235059761
"flora",0.00199601593625498
"upper",0.020916334661354584
"latch",0.0008725099601593627
"wight",0.0006772908366533865
"brick",0.007091633466135458
"retry",0.00014820717131474104
"holly",0.00302390438247012
"decal",0.00040637450199203186
"grass",0.00956175298804781
"shack",0.0010717131474103586
"dogma",0.0007410358565737052
"mover",0.0006454183266932271
"defer",0.0006294820717131474
"sober",0.0034701195219123504
"optic",0.0017808764940239047
"crier",0.00010478087649402391
"vying",0.0003314741035856574
"nomad",0.0004661354581673307
"flute",0.0013187250996015937
"hippo",0.0005378486055776893
"shark",0.0050199203187251
"drier",0.0006175298804780877
"obese",0.0019083665338645419
"bugle",0.0003314741035856574
"tawny",0.00023466135458167332
"chalk",0.001952191235059761
"feast",0.0035498007968127487
"ruddy",0.00040637450199203186
"pedal",0.0017410358565737051
"scarf",0.0019083665338645419
"cruel",0.005258964143426296
"bleat",0.000052589641434262944
"tidal",0.00199601593625498
"slush",0.0003892430278884462
"semen",0.0009561752988047809
"windy",0.0014820717131474104
"dusty",0.0018645418326693228
"sally",0.003717131474103586
"igloo",0.00017410358565737052
"nerdy",0.0005896414342629482
"jewel",0.0019083665338645419
"shone",0.0006772908366533865
"whale",0.003804780876494024
"hymen",0.00014820717131474104
"abuse",0.018207171314741036
"fugue",0.00021394422310756973
"elbow",0.0027569721115537848
"crumb",0.0003717131474103586
"pansy",0.00023466135458167332
"welsh",0.0056175298804780885
"syrup",0.0022908366533864544
"terse",0.00018645418326693227
"suave",0.0003163346613545817
"gamut",0.0002952191235059761
"swung",0.0011752988047808767
"drake",0.003633466135458168
"freed",0.0028207171314741037
"afire",0.00011474103585657371
"shirt",0.01701195219123506
"grout",0.0002693227091633466
"oddly",0.001446215139442231
"tithe",0.00030239043824701196
"plaid",0.000852589641434263
"dummy",0.0017410358565737051
"broom",0.001047808764940239
"blind",0.013187250996015936
"torch",0.0021912350597609563
"enemy",0.0199601593625498
"again",0.19960159362549804
"tying",0.0019083665338645419
"pesky",0.00050199203187251
"alter",0.004462151394422311
"gazer",0.000036334661354581676
"noble",0.006932270916334662
"ethos",0.0008326693227091633
"bride",0.004780876494023905
"extol",0.00007968127490039841
"decor",0.0017808764940239047
"hobby",0.0034701195219123504
"beast",0.007768924302788845
"idiom",0.0003717131474103586
"utter",0.0028207171314741037
"these",0.4382470119521913
"sixth",0.00956175298804781
"alarm",0.007609561752988048
"erase",0.0018207171314741039
"elegy",0.00020438247011952192
"spunk",0.00018207171314741036
"piper",0.0019083665338645419
"scaly",0.0002573705179282869
"scold",0.0002573705179282869
"hefty",0.0009123505976095618
"chick",0.004780876494023905
"sooty",0.00012908366533864542
"canal",0.0066135458167330685
"whiny",0.0003091633466135458
"slash",0.0017808764940239047
"quake",0.0011235059760956176
"joint",0.020438247011952192
"swept",0.0034701195219123504
"prude",0.00015139442231075698
"heavy",0.036334661354581674
"wield",0.0006454183266932271
"femme",0.0006175298804780877
"lasso",0.00021912350597609563
"maize",0.0008725099601593627
"shale",0.001952191235059761
"screw",0.007091633466135458
"spree",0.001446215139442231
"smoky",0.000852589641434263
"whiff",0.0006613545816733068
"scent",0.0026334661354581674
"glade",0.0002402390438247012
"spent",0.04183266932270917
"prism",0.0010956175298804782
"stoke",0.0021394422310756973
"riper",0.00003549800796812749
"orbit",0.004262948207171315
"cocoa",0.0017410358565737051
"guilt",0.005378486055776893
"humus",0.00009561752988047808
"shush",0.00022390438247011952
"table",0.04462151394422311
"smirk",0.00043824701195219125
"wrong",0.09760956175298804
"noisy",0.0018645418326693228
"alert",0.00852589641434263
"shiny",0.00302390438247012
"elate",0.000008525896414342629
"resin",0.0016215139442231077
"whole",0.1147410358565737
"hunch",0.0004661354581673307
"pixel",0.0020916334661354582
"polar",0.003633466135458168
"hotel",0.03549800796812749
"sword",0.009322709163346614
"cleat",0.00009322709163346614
"mango",0.001446215139442231
"rumba",0.0001701195219123506
"puffy",0.0005378486055776893
"filly",0.0005617529880478088
"billy",0.00852589641434263
"leash",0.0011752988047808767
"clout",0.0006772908366533865
"dance",0.03390438247011952
"ovate",0.00015139442231075698
"facet",0.000601593625498008
"chili",0.0021394422310756973
"paint",0.013187250996015936
"liner",0.0022390438247011954
"curio",0.00010717131474103585
"salty",0.0021912350597609563
"audio",0.011752988047808765
"snake",0.006772908366533865
"fable",0.0005776892430278885
"cloak",0.0014820717131474104
"navel",0.00035498007968127494
"spurt",0.0002756972111553785
"pesto",0.00030239043824701196
"balmy",0.00019960159362549803
"flash",0.011235059760956177
"unwed",0.00013187250996015936
"early",0.10717131474103585
"churn",0.0004661354581673307
"weedy",0.00009322709163346614
"stump",0.0011235059760956176
"lease",0.005896414342629483
"witty",0.001446215139442231
"wimpy",0.00022908366533864544
"spoof",0.00050199203187251
"saner",0.00007091633466135459
"blend",0.0035498007968127487
"salsa",0.0013505976095617531
"thick",0.011474103585657371
"warty",0.00004780876494023904
"manic",0.0008326693227091633
"blare",0.00009760956175298805
"squib",0.00007768924302788846
"spoon",0.00302390438247012
"probe",0.003892430278884462
"crepe",0.0002952191235059761
"knack",0.0007250996015936255
"force",0.06772908366533865
"debut",0.013187250996015936
"order",0.12310756972111553
"haste",0.0009322709163346614
"teeth",0.015139442231075698
"agent",0.025737051792828685
"widen",0.0007091633466135458
"icily",0.000017410358565737053
"slice",0.003984063745019921
"ingot",0.00009561752988047808
"clash",0.003717131474103586
"juror",0.0005378486055776893
"blood",0.050199203187251
"abode",0.0005378486055776893
"throw",0.026932270916334662
"unity",0.0066135458167330685
"pivot",0.0012589641434262947
"slept",0.00601593625498008
"troop",0.001952191235059761
"spare",0.007609561752988048
"sewer",0.0017410358565737051
"parse",0.0003804780876494024
"morph",0.0004661354581673307
"cacti",0.00022390438247011952
"tacky",0.000601593625498008
"spool",0.0002756972111553785
"demon",0.004581673306772909
"moody",0.00199601593625498
"annex",0.0012589641434262947
"begin",0.027569721115537852
"fuzzy",0.0017808764940239047
"patch",0.0062948207171314744
"water",0.13187250996015937
"lumpy",0.0002756972111553785
"admin",0.0033147410358565737
"omega",0.002402390438247012
"limit",0.0199601593625498
"tabby",0.00024581673306772907
"macho",0.0007250996015936255
"aisle",0.0020916334661354582
"skiff",0.0001701195219123506
"basis",0.025737051792828685
"plank",0.0011474103585657372
"verge",0.0018645418326693228
"botch",0.0001
"crawl",0.0023466135458167334
"lousy",0.0008127490039840637
"slain",0.0013824701195219123
"cubic",0.002043824701195219
"raise",0.02239043824701195
"wrack",0.00006454183266932271
"guide",0.02239043824701195
"foist",0.000054980079681274896
"cameo",0.001203187250996016
"under",0.21394422310756975
"actor",0.017808764940239044
"revue",0.0004661354581673307
"fraud",0.009322709163346614
"harpy",0.0001258964143426295
"scoop",0.001952191235059761
"climb",0.0066135458167330685
"refer",0.011235059760956177
"olden",0.0002756972111553785
"clerk",0.003984063745019921
"debar",0.000036334661354581676
"tally",0.0016613545816733068
"ethic",0.0013824701195219123
"cairn",0.0002952191235059761
"tulle",0.0001661354581673307
"ghoul",0.0003091633466135458
"hilly",0.0005896414342629482
"crude",0.003984063745019921
"apart",0.02402390438247012
"scale",0.026932270916334662
"older",0.03314741035856574
"plain",0.010717131474103586
"sperm",0.0027569721115537848
"briny",0.00006294820717131475
"abbot",0.0010717131474103586
"rerun",0.0003163346613545817
"quest",0.007410358565737052
"crisp",0.00199601593625498
"bound",0.011474103585657371
"befit",0.00004661354581673307
"drawn",0.013505976095617529
"suite",0.00601593625498008
"itchy",0.0008725099601593627
"cheer",0.004581673306772909
"bagel",0.000601593625498008
"guess",0.05896414342629482
"broad",0.013505976095617529
"axiom",0.0004183266932270916
"chard",0.00020438247011952192
"caput",0.00004780876494023904
"leant",0.00010717131474103585
"harsh",0.005498007968127491
"curse",0.004661354581673307
"proud",0.02402390438247012
"swing",0.008725099601593626
"opine",0.00007968127490039841
"taste",0.021394422310756972
"lupus",0.0006294820717131474
"gumbo",0.00019960159362549803
"miner",0.0015139442231075699
"green",0.053784860557768925
"chasm",0.00036334661354581676
"lipid",0.0007768924302788845
"topic",0.012310756972111554
"armor",0.003717131474103586
"brush",0.006772908366533865
"crane",0.0033147410358565737
"mural",0.0012310756972111554
"abled",0.00007768924302788846
"habit",0.006932270916334662
"bossy",0.0003717131474103586
"maker",0.006772908366533865
"dusky",0.0002693227091633466
"dizzy",0.0010717131474103586
"lithe",0.00012031872509960159
"brook",0.0021912350597609563
"jazzy",0.00039840637450199205
"fifty",0.007768924302788845
"sense",0.061752988047808766
"giant",0.016613545816733067
"surly",0.0002820717131474104
"legal",0.04780876494023905
"fatal",0.0050199203187251
"flunk",0.00005896414342629482
"began",0.04661354581673307
"prune",0.00036334661354581676
"small",0.12908366533864543
"slant",0.000601593625498008
"scoff",0.0002402390438247012
"torus",0.00014820717131474104
"ninny",0.000033904382470119526
"covey",0.00016215139442231076
"viper",0.0008127490039840637
"taken",0.08525896414342629
"moral",0.011474103585657371
"vogue",0.002043824701195219
"owing",0.0021394422310756973
"token",0.0026334661354581674
"entry",0.01864541832669323
"booth",0.0050199203187251
"voter",0.005139442231075698
"chide",0.00006015936254980079
"elfin",0.00007250996015936255
"ebony",0.0008725099601593627
"neigh",0.00012310756972111554
"minim",0.00003892430278884462
"melon",0.0008326693227091633
"kneed",0.00010956175298804781
"decoy",0.00043824701195219125
"voila",0.0003390438247011952
"ankle",0.003717131474103586
"arrow",0.005378486055776893
"mushy",0.0003470119521912351
"tribe",0.005258964143426296
"cease",0.004262948207171315
"eager",0.004262948207171315
"birth",0.023466135458167333
"graph",0.004462151394422311
"odder",0.00005019920318725099
"terra",0.0010956175298804782
"weird",0.025737051792828685
"tried",0.05776892430278885
"clack",0.00016215139442231076
"color",0.03239043824701195
"rough",0.012310756972111554
"weigh",0.003892430278884462
"uncut",0.0007091633466135458
"ladle",0.00018207171314741036
"strip",0.009123505976095618
"craft",0.007968127490039842
"minus",0.003984063745019921
"dicey",0.00018645418326693227
"titan",0.001952191235059761
"lucid",0.0007410358565737052
"vicar",0.0009322709163346614
"dress",0.022908366533864542
"ditch",0.003163346613545817
"gypsy",0.0014143426294820718
"pasta",0.0033147410358565737
"taffy",0.00020438247011952192
"flame",0.004661354581673307
"swoop",0.0006294820717131474
"aloof",0.0003892430278884462
"sight",0.013824701195219126
"broke",0.02820717131474104
"teary",0.0002756972111553785
"chart",0.011752988047808765
"sixty",0.003390438247011952
"wordy",0.0001446215139442231
"sheer",0.004063745019920319
"leper",0.00024581673306772907
"nosey",0.00014143426294820717
"bulge",0.0006932270916334662
"savor",0.0003804780876494024
"clamp",0.0011235059760956176
"funky",0.001701195219123506
"foamy",0.00010239043824701195
"toxic",0.006932270916334662
"brand",0.026932270916334662
"plumb",0.0003314741035856574
"dingy",0.00026334661354581677
"butte",0.0004900398406374502
"drill",0.004900398406374503
"tripe",0.00020438247011952192
"bicep",0.0002091633466135458
"tenor",0.001
"krill",0.0001701195219123506
"worse",0.030916334661354582
"drama",0.01864541832669323
"hyena",0.00025139442231075695
"think",0.4780876494023904
"ratio",0.009322709163346614
"cobra",0.0012908366533864542
"basil",0.0017808764940239047
"scrum",0.0007091633466135458
"bused",0.00005139442231075698
"phone",0.07968127490039842
"court",0.10239043824701197
"camel",0.0017410358565737051
"proof",0.0199601593625498
"heard",0.07410358565737052
"angel",0.011235059760956177
"petal",0.00043824701195219125
"pouty",0.00009561752988047808
"throb",0.00019083665338645418
"maybe",0.11235059760956177
"fetal",0.001
"sprig",0.00010717131474103585
"spine",0.003390438247011952
"shout",0.004581673306772909
"cadet",0.0008924302788844622
"macro",0.002043824701195219
"dodgy",0.0008326693227091633
"satyr",0.00011752988047808765
"rarer",0.0004462151394422311
"binge",0.0015856573705179283
"trend",0.012908366533864542
"nutty",0.0006175298804780877
"leapt",0.0004462151394422311
"amiss",0.0003390438247011952
"split",0.017808764940239044
"myrrh",0.0001446215139442231
"width",0.0041832669322709164
"sonar",0.0007968127490039841
"tower",0.012589641434262949
"baron",0.00302390438247012
"fever",0.0066135458167330685
"waver",0.00022390438247011952
"spark",0.003892430278884462
"belie",0.00011235059760956176
"sloop",0.00025139442231075695
"expel",0.0007250996015936255
"smote",0.00007968127490039841
"baler",0.00007250996015936255
"above",0.06294820717131475
"north",0.08725099601593626
"wafer",0.0005378486055776893
"scant",0.00050199203187251
"frill",0.00008127490039840638
"awash",0.00022908366533864544
"snack",0.003163346613545817
"scowl",0.00012908366533864542
"frail",0.0007609561752988048
"drift",0.0026334661354581674
"limbo",0.0008127490039840637
"fence",0.006454183266932271
"motel",0.0016215139442231077
"ounce",0.00251394422310757
"wreak",0.0003470119521912351
"revel",0.0005139442231075698
"talon",0.0003717131474103586
"prior",0.02820717131474104
"knelt",0.00025139442231075695
"cello",0.0007768924302788845
"flake",0.0006454183266932271
"debug",0.0002884462151394422
"anode",0.0002884462151394422
"crime",0.030916334661354582
"salve",0.0002573705179282869
"scout",0.003717131474103586
"imbue",0.00010478087649402391
"pinky",0.0009760956175298805
"stave",0.00043824701195219125
"vague",0.002952191235059761
"chock",0.0002884462151394422
"fight",0.06772908366533865
"video",0.10717131474103585
"stone",0.025139442231075698
"teach",0.01864541832669323
"cleft",0.0003470119521912351
"frost",0.0035498007968127487
"prawn",0.0002952191235059761
"booty",0.001549800796812749
"twist",0.0066135458167330685
"apnea",0.00039840637450199205
"stiff",0.003163346613545817
"plaza",0.0032390438247011954
"ledge",0.0010239043824701196
"tweak",0.0007410358565737052
"board",0.06932270916334661
"grant",0.01864541832669323
"medic",0.001047808764940239
"bacon",0.0056175298804780885
"cable",0.013824701195219126
"brawl",0.0013505976095617531
"slunk",0.000037171314741035853
"raspy",0.00017410358565737052
"forum",0.00956175298804781
"drone",0.003984063745019921
"women",0.14820717131474104
"mucus",0.0005617529880478088
"boast",0.0012908366533864542
"toddy",0.00014143426294820717
"coven",0.00039840637450199205
"tumor",0.003717131474103586
"truer",0.0003717131474103586
"wrath",0.00199601593625498
"stall",0.002458167330677291
"steam",0.013187250996015936
"axial",0.0005617529880478088
"purer",0.0001350597609561753
"daily",0.04661354581673307
"trail",0.011235059760956177
"niche",0.0028207171314741037
"mealy",0.0001
"juice",0.009123505976095618
"nylon",0.001047808764940239
"plump",0.0006175298804780877
"merry",0.0026932270916334663
"flail",0.00014143426294820717
"papal",0.001
"wheat",0.004063745019920319
"berry",0.003717131474103586
"cower",0.00014143426294820717
"erect",0.0013187250996015937
"brute",0.001047808764940239
"leggy",0.00012031872509960159
"snipe",0.00043824701195219125
"sinew",0.0000852589641434263
"skier",0.0006294820717131474
"penny",0.004661354581673307
"jumpy",0.00018645418326693227
"rally",0.008725099601593626
"umbra",0.00009760956175298805
"scary",0.009322709163346614
"modem",0.001
"gross",0.011235059760956177
"avian",0.000549800796812749
"greed",0.0021394422310756973
"satin",0.0009760956175298805
"tonic",0.0009760956175298805
"parka",0.00022908366533864544
"sniff",0.0010956175298804782
"livid",0.0003892430278884462
"stark",0.004063745019920319
"trump",0.03390438247011952
"giddy",0.0006613545816733068
"reuse",0.0009322709163346614
"taboo",0.0011752988047808767
"avoid",0.02952191235059761
"quote",0.012908366533864542
"devil",0.007968127490039842
"liken",0.00014820717131474104
"gloss",0.0011752988047808767
"gayer",0.00009322709163346614
"beret",0.0003314741035856574
"noise",0.014143426294820719
"gland",0.0009561752988047809
"dealt",0.0062948207171314744
"sling",0.0008725099601593627
"rumor",0.0021394422310756973
"opera",0.007410358565737052
"thigh",0.0021394422310756973
"tonga",0.00050199203187251
"flare",0.0017410358565737051
"wound",0.006932270916334662
"white",0.12908366533864543
"bulky",0.0007968127490039841
"etude",0.00014820717131474104
"horse",0.022908366533864542
"circa",0.0014820717131474104
"paddy",0.0016613545816733068
"inbox",0.0012908366533864542
"fizzy",0.00026334661354581677
"grain",0.00601593625498008
"exert",0.0009123505976095618
"surge",0.0026334661354581674
"gleam",0.0003717131474103586
"belle",0.002458167330677291
"salvo",0.0002884462151394422
"crush",0.005896414342629483
"fruit",0.014820717131474105
"sappy",0.00019083665338645418
"taker",0.0006772908366533865
"tract",0.002043824701195219
"ovine",0.000019083665338645418
"spiky",0.00022390438247011952
"frank",0.02239043824701195
"reedy",0.0001446215139442231
"filth",0.0010239043824701196
"spasm",0.0002693227091633466
"heave",0.0003163346613545817
"mambo",0.0002402390438247012
"right",0.36334661354581677
"clank",0.00018207171314741036
"trust",0.053784860557768925
"lumen",0.0004900398406374502
"borne",0.0018645418326693228
"spook",0.00030239043824701196
"sauce",0.007968127490039842
"amber",0.003717131474103586
"lathe",0.0003239043824701195
"carat",0.0005617529880478088
"corer",0.000015139442231075698
"dirty",0.014143426294820719
"slyly",0.00011474103585657371
"affix",0.0001701195219123506
"alloy",0.0016215139442231077
"taint",0.0003804780876494024
"sheep",0.006175298804780877
"kinky",0.0009322709163346614
"wooly",0.00012310756972111554
"mauve",0.00020438247011952192
"flung",0.000852589641434263
"yacht",0.0026334661354581674
"fried",0.004581673306772909
"quail",0.0005378486055776893
"brunt",0.0005258964143426295
"grimy",0.00022908366533864544
"curvy",0.0005617529880478088
"cagey",0.00009760956175298805
"rinse",0.001203187250996016
"deuce",0.0003470119521912351
"state",0.2402390438247012
"grasp",0.003717131474103586
"milky",0.0012589641434262947
"bison",0.0007250996015936255
"graft",0.0011752988047808767
"sandy",0.006175298804780877
"baste",0.00009760956175298805
"flask",0.0006294820717131474
"hedge",0.0021912350597609563
"girly",0.0006772908366533865
"swash",0.00006454183266932271
"boney",0.0001258964143426295
"coupe",0.0008725099601593627
"endow",0.00010717131474103585
"abhor",0.00017410358565737052
"welch",0.0009322709163346614
"blade",0.006175298804780877
"tight",0.014820717131474105
"geese",0.0008924302788844622
"miser",0.0001446215139442231
"mirth",0.0001661354581673307
"cloud",0.011474103585657371
"cabal",0.00043824701195219125
"leech",0.0005896414342629482
"close",0.09123505976095618
"tenth",0.0033147410358565737
"pecan",0.0003390438247011952
"droit",0.0001258964143426295
"grail",0.0011474103585657372
"clone",0.0019083665338645419
"guise",0.0011752988047808767
"ralph",0.0050199203187251
"tango",0.0015139442231075699
"biddy",0.00009760956175298805
"smith",0.030916334661354582
"mower",0.00050199203187251
"payee",0.00007768924302788846
"serif",0.00017410358565737052
"drape",0.00021912350597609563
"fifth",0.02402390438247012
"spank",0.00047808764940239046
"glaze",0.0007609561752988048
"allot",0.00024581673306772907
"truck",0.01741035856573705
"kayak",0.0006932270916334662
"virus",0.01047808764940239
"testy",0.00013824701195219125
"tepee",0.00004262948207171315
"fully",0.030916334661354582
"zonal",0.00021912350597609563
"metro",0.00601593625498008
"curry",0.003633466135458168
"grand",0.03239043824701195
"banjo",0.0007410358565737052
"axion",0.000033904382470119526
"bezel",0.00025139442231075695
"occur",0.011752988047808765
"chain",0.017808764940239044
"nasal",0.0012310756972111554
"gooey",0.0002884462151394422
"filer",0.00011235059760956176
"brace",0.0020916334661354582
"allay",0.0001952191235059761
"pubic",0.0004661354581673307
"raven",0.002458167330677291
"plead",0.001701195219123506
"gnash",0.00004262948207171315
"flaky",0.0002952191235059761
"munch",0.00047808764940239046
"dully",0.00002952191235059761
"eking",0.00003470119521912351
"thing",0.20916334661354583
"slink",0.00009561752988047808
"hurry",0.005498007968127491
"theft",0.005378486055776893
"shorn",0.0001350597609561753
"pygmy",0.0002091633466135458
"ranch",0.004262948207171315
"wring",0.00022390438247011952
"lemon",0.0050199203187251
"shore",0.00852589641434263
"mamma",0.0008326693227091633
"froze",0.001047808764940239
"newer",0.0034701195219123504
"style",0.05139442231075697
"moose",0.0016215139442231077
"antic",0.0000852589641434263
"drown",0.0019083665338645419
"vegan",0.0035498007968127487
"chess",0.0034701195219123504
"guppy",0.00012310756972111554
"union",0.04780876494023905
"lever",0.0017410358565737051
"lorry",0.0006454183266932271
"image",0.03470119521912351
"cabby",0.00003549800796812749
"druid",0.0003892430278884462
"exact",0.012908366533864542
"truth",0.04462151394422311
"dopey",0.00019083665338645418
"spear",0.00199601593625498
"cried",0.006175298804780877
"chime",0.000549800796812749
"crony",0.00021394422310756973
"stunk",0.00009760956175298805
"timid",0.0007091633466135458
"batch",0.0032390438247011954
"gauge",0.0041832669322709164
"rotor",0.001047808764940239
"crack",0.010239043824701196
"curve",0.005498007968127491
"latte",0.0007968127490039841
"witch",0.005139442231075698
"bunch",0.014820717131474105
"repel",0.0006294820717131474
"anvil",0.00043824701195219125
"soapy",0.00022390438247011952
"meter",0.004900398406374503
"broth",0.0009760956175298805
"madly",0.0005896414342629482
"dried",0.004382470119521913
"scene",0.03717131474103586
"known",0.09760956175298804
"magma",0.0006175298804780877
"roost",0.00039840637450199205
"woman",0.08924302788844622
"thong",0.0005776892430278885
"punch",0.008326693227091633
"pasty",0.00030239043824701196
"downy",0.00015856573705179283
"knead",0.00014820717131474104
"whirl",0.00036334661354581676
"rapid",0.00956175298804781
"clang",0.0001701195219123506
"anger",0.01047808764940239
"drive",0.053784860557768925
"goofy",0.0014820717131474104
"email",0.019083665338645417
"music",0.13187250996015937
"stuff",0.0549800796812749
"bleep",0.00047808764940239046
"rider",0.0041832669322709164
"mecca",0.0009561752988047809
"folio",0.0005139442231075698
"setup",0.004900398406374503
"verso",0.0002091633466135458
"quash",0.00022390438247011952
"fauna",0.0013187250996015937
"gummy",0.0003717131474103586
"happy",0.08924302788844622
"newly",0.01047808764940239
"fussy",0.00043824701195219125
"relic",0.0009322709163346614
"guava",0.00016215139442231076
"ratty",0.00011752988047808765
"fudge",0.000852589641434263
"femur",0.00039840637450199205
"chirp",0.00024581673306772907
"forte",0.0006932270916334662
"alibi",0.00050199203187251
"whine",0.0007609561752988048
"petty",0.004661354581673307
"golly",0.00020438247011952192
"plait",0.00010478087649402391
"fleck",0.00014820717131474104
"felon",0.0005896414342629482
"gourd",0.00026334661354581677
"brown",0.04063745019920319
"thrum",0.000037171314741035853
"ficus",0.00010478087649402391
"stash",0.0013824701195219123
"decry",0.00015856573705179283
"wiser",0.001203187250996016
"junta",0.0008725099601593627
"visor",0.0003804780876494024
"daunt",0.00004382470119521913
"scree",0.00008127490039840638
"impel",0.00009123505976095618
"await",0.001701195219123506
"press",0.05776892430278885
"whose",0.04661354581673307
"turbo",0.0021912350597609563
"stoop",0.000549800796812749
"speak",0.042629482071713146
"mangy",0.00005019920318725099
"eying",0.000054980079681274896
"inlet",0.0011235059760956176
"crone",0.00015856573705179283
"pulse",0.004581673306772909
"mossy",0.00017410358565737052
"staid",0.00015139442231075698
"hence",0.00956175298804781
"pinch",0.0022908366533864544
"teddy",0.00302390438247012
"sully",0.0005139442231075698
"snore",0.00022908366533864544
"ripen",0.00017410358565737052
"snowy",0.0011474103585657372
"attic",0.001701195219123506
"going",0.3470119521912351
"leach",0.0007091633466135458
"mouth",0.026932270916334662
"hound",0.0010717131474103586
"clump",0.0003470119521912351
"tonal",0.0004900398406374502
"bigot",0.000601593625498008
"peril",0.001
"piece",0.043824701195219126
"blame",0.01701195219123506
"haute",0.0006294820717131474
"spied",0.00047808764940239046
"undid",0.0001350597609561753
"intro",0.0025737051792828684
"basal",0.001
"shine",0.005896414342629483
"gecko",0.0003239043824701195
"rodeo",0.0011752988047808767
"guard",0.021394422310756972
"steer",0.0020916334661354582
"loamy",0.00006613545816733068
"scamp",0.00008326693227091633
"scram",0.00008924302788844622
"manly",0.0018207171314741039
"hello",0.020916334661354584
"vaunt",0.000009760956175298806
"organ",0.005498007968127491
"feral",0.0007768924302788845
"knock",0.008924302788844622
"extra",0.038047808764940245
"condo",0.001701195219123506
"adapt",0.003804780876494024
"willy",0.0016215139442231077
"polka",0.0006294820717131474
"rayon",0.0003892430278884462
"skirt",0.003633466135458168
"faith",0.026334661354581672
"torso",0.0010239043824701196
"match",0.053784860557768925
"mercy",0.007091633466135458
"tepid",0.00020438247011952192
"sleek",0.0008725099601593627
"riser",0.00030239043824701196
"twixt",0.00004780876494023904
"peace",0.04183266932270917
"flush",0.00251394422310757
"catty",0.0001446215139442231
"login",0.0012310756972111554
"eject",0.0003892430278884462
"roger",0.009760956175298804
"rival",0.00601593625498008
"untie",0.00012908366533864542
"refit",0.00018645418326693227
"aorta",0.0003314741035856574
"adult",0.025139442231075698
"judge",0.03549800796812749
"rower",0.0005139442231075698
"artsy",0.0003091633466135458
"rural",0.015498007968127489
"shave",0.0026932270916334663
